full path,type,size (bytes)
C:\Users\Revan\AppData\Local\wxPython\wxPython-demo-4.2.1,dir,9269353
C:\Users\Revan\AppData\Local\wxPython\wxPython-demo-4.2.1\demo — ярлык.lnk,file,1755
C:\Users\Revan\AppData\Local\wxPython\wxPython-demo-4.2.1\README.txt,file,539
C:\Users\Revan\AppData\Local\wxPython\wxPython-demo-4.2.1\demo,dir,8070462
C:\Users\Revan\AppData\Local\wxPython\wxPython-demo-4.2.1\demo\About.py,file,2122
C:\Users\Revan\AppData\Local\wxPython\wxPython-demo-4.2.1\demo\AboutBox.py,file,2485
C:\Users\Revan\AppData\Local\wxPython\wxPython-demo-4.2.1\demo\ActiveXWrapper_Acrobat.py,file,3939
C:\Users\Revan\AppData\Local\wxPython\wxPython-demo-4.2.1\demo\ActiveXWrapper_IE.py,file,5920
C:\Users\Revan\AppData\Local\wxPython\wxPython-demo-4.2.1\demo\ActiveX_FlashWindow.py,file,3143
C:\Users\Revan\AppData\Local\wxPython\wxPython-demo-4.2.1\demo\ActiveX_IEHtmlWindow.py,file,7890
C:\Users\Revan\AppData\Local\wxPython\wxPython-demo-4.2.1\demo\ActiveX_PDFWindow.py,file,7359
C:\Users\Revan\AppData\Local\wxPython\wxPython-demo-4.2.1\demo\ActivityIndicator.py,file,2255
C:\Users\Revan\AppData\Local\wxPython\wxPython-demo-4.2.1\demo\AddPrivateFont.py,file,3476
C:\Users\Revan\AppData\Local\wxPython\wxPython-demo-4.2.1\demo\AdjustChannels.py,file,6241
C:\Users\Revan\AppData\Local\wxPython\wxPython-demo-4.2.1\demo\AlphaDrawing.py,file,2339
C:\Users\Revan\AppData\Local\wxPython\wxPython-demo-4.2.1\demo\AnalogClock.py,file,6039
C:\Users\Revan\AppData\Local\wxPython\wxPython-demo-4.2.1\demo\AnimationCtrl.py,file,3527
C:\Users\Revan\AppData\Local\wxPython\wxPython-demo-4.2.1\demo\ArtProvider.py,file,52858
C:\Users\Revan\AppData\Local\wxPython\wxPython-demo-4.2.1\demo\AUI_DockingWindowMgr.py,file,45643
C:\Users\Revan\AppData\Local\wxPython\wxPython-demo-4.2.1\demo\AUI_MDI.py,file,3264
C:\Users\Revan\AppData\Local\wxPython\wxPython-demo-4.2.1\demo\AUI_Notebook.py,file,1652
C:\Users\Revan\AppData\Local\wxPython\wxPython-demo-4.2.1\demo\BannerWindow.py,file,2886
C:\Users\Revan\AppData\Local\wxPython\wxPython-demo-4.2.1\demo\BitmapButton.py,file,2858
C:\Users\Revan\AppData\Local\wxPython\wxPython-demo-4.2.1\demo\BitmapComboBox.py,file,1685
C:\Users\Revan\AppData\Local\wxPython\wxPython-demo-4.2.1\demo\BitmapFromBuffer.py,file,4645
C:\Users\Revan\AppData\Local\wxPython\wxPython-demo-4.2.1\demo\Button.py,file,2519
C:\Users\Revan\AppData\Local\wxPython\wxPython-demo-4.2.1\demo\Cairo.py,file,5891
C:\Users\Revan\AppData\Local\wxPython\wxPython-demo-4.2.1\demo\Cairo_Snippets.py,file,3985
C:\Users\Revan\AppData\Local\wxPython\wxPython-demo-4.2.1\demo\Calendar.py,file,18444
C:\Users\Revan\AppData\Local\wxPython\wxPython-demo-4.2.1\demo\CalendarCtrl.py,file,4218
C:\Users\Revan\AppData\Local\wxPython\wxPython-demo-4.2.1\demo\CheckBox.py,file,2358
C:\Users\Revan\AppData\Local\wxPython\wxPython-demo-4.2.1\demo\CheckListBox.py,file,2485
C:\Users\Revan\AppData\Local\wxPython\wxPython-demo-4.2.1\demo\CheckListCtrl.py,file,2918
C:\Users\Revan\AppData\Local\wxPython\wxPython-demo-4.2.1\demo\Choice.py,file,1705
C:\Users\Revan\AppData\Local\wxPython\wxPython-demo-4.2.1\demo\Choicebook.py,file,2092
C:\Users\Revan\AppData\Local\wxPython\wxPython-demo-4.2.1\demo\CollapsibleHeaderCtrl.py,file,2655
C:\Users\Revan\AppData\Local\wxPython\wxPython-demo-4.2.1\demo\CollapsiblePane.py,file,3741
C:\Users\Revan\AppData\Local\wxPython\wxPython-demo-4.2.1\demo\ColorPanel.py,file,482
C:\Users\Revan\AppData\Local\wxPython\wxPython-demo-4.2.1\demo\ColourDB.py,file,6406
C:\Users\Revan\AppData\Local\wxPython\wxPython-demo-4.2.1\demo\ColourDialog.py,file,2617
C:\Users\Revan\AppData\Local\wxPython\wxPython-demo-4.2.1\demo\ColourSelect.py,file,4434
C:\Users\Revan\AppData\Local\wxPython\wxPython-demo-4.2.1\demo\ComboBox.py,file,4181
C:\Users\Revan\AppData\Local\wxPython\wxPython-demo-4.2.1\demo\ComboCtrl.py,file,4913
C:\Users\Revan\AppData\Local\wxPython\wxPython-demo-4.2.1\demo\ComboTreeBox.py,file,2274
C:\Users\Revan\AppData\Local\wxPython\wxPython-demo-4.2.1\demo\CommandLinkButton.py,file,1422
C:\Users\Revan\AppData\Local\wxPython\wxPython-demo-4.2.1\demo\ContextHelp.py,file,4032
C:\Users\Revan\AppData\Local\wxPython\wxPython-demo-4.2.1\demo\Cursor.py,file,13084
C:\Users\Revan\AppData\Local\wxPython\wxPython-demo-4.2.1\demo\CustomDragAndDrop.py,file,11177
C:\Users\Revan\AppData\Local\wxPython\wxPython-demo-4.2.1\demo\DatePickerCtrl.py,file,2173
C:\Users\Revan\AppData\Local\wxPython\wxPython-demo-4.2.1\demo\DelayedResult.py,file,7715
C:\Users\Revan\AppData\Local\wxPython\wxPython-demo-4.2.1\demo\demo.py,file,47
C:\Users\Revan\AppData\Local\wxPython\wxPython-demo-4.2.1\demo\demo.pyw,file,47
C:\Users\Revan\AppData\Local\wxPython\wxPython-demo-4.2.1\demo\demodata.py,file,7152
C:\Users\Revan\AppData\Local\wxPython\wxPython-demo-4.2.1\demo\Dialog.py,file,5868
C:\Users\Revan\AppData\Local\wxPython\wxPython-demo-4.2.1\demo\DialogUnits.py,file,3894
C:\Users\Revan\AppData\Local\wxPython\wxPython-demo-4.2.1\demo\DirDialog.py,file,1660
C:\Users\Revan\AppData\Local\wxPython\wxPython-demo-4.2.1\demo\DragAndDrop.py,file,8641
C:\Users\Revan\AppData\Local\wxPython\wxPython-demo-4.2.1\demo\DragImage.py,file,10331
C:\Users\Revan\AppData\Local\wxPython\wxPython-demo-4.2.1\demo\DragScroller.py,file,1618
C:\Users\Revan\AppData\Local\wxPython\wxPython-demo-4.2.1\demo\DrawLinesFromBuffer.py,file,3710
C:\Users\Revan\AppData\Local\wxPython\wxPython-demo-4.2.1\demo\DrawXXXList.py,file,10219
C:\Users\Revan\AppData\Local\wxPython\wxPython-demo-4.2.1\demo\DVC_CustomRenderer.py,file,6420
C:\Users\Revan\AppData\Local\wxPython\wxPython-demo-4.2.1\demo\DVC_DataViewModel.py,file,12371
C:\Users\Revan\AppData\Local\wxPython\wxPython-demo-4.2.1\demo\DVC_IndexListModel.py,file,9569
C:\Users\Revan\AppData\Local\wxPython\wxPython-demo-4.2.1\demo\DVC_ListCtrl.py,file,2007
C:\Users\Revan\AppData\Local\wxPython\wxPython-demo-4.2.1\demo\DVC_TreeCtrl.py,file,2316
C:\Users\Revan\AppData\Local\wxPython\wxPython-demo-4.2.1\demo\DynamicSashWindow.py,file,6734
C:\Users\Revan\AppData\Local\wxPython\wxPython-demo-4.2.1\demo\EditableListBox.py,file,3234
C:\Users\Revan\AppData\Local\wxPython\wxPython-demo-4.2.1\demo\Editor.py,file,2321
C:\Users\Revan\AppData\Local\wxPython\wxPython-demo-4.2.1\demo\encode_bitmaps.py,file,8218
C:\Users\Revan\AppData\Local\wxPython\wxPython-demo-4.2.1\demo\EventManager.py,file,9508
C:\Users\Revan\AppData\Local\wxPython\wxPython-demo-4.2.1\demo\ExpandoTextCtrl.py,file,5393
C:\Users\Revan\AppData\Local\wxPython\wxPython-demo-4.2.1\demo\FancyText.py,file,2375
C:\Users\Revan\AppData\Local\wxPython\wxPython-demo-4.2.1\demo\FileBrowseButton.py,file,2739
C:\Users\Revan\AppData\Local\wxPython\wxPython-demo-4.2.1\demo\FileCtrl.py,file,3436
C:\Users\Revan\AppData\Local\wxPython\wxPython-demo-4.2.1\demo\FileDialog.py,file,5485
C:\Users\Revan\AppData\Local\wxPython\wxPython-demo-4.2.1\demo\FileHistory.py,file,4441
C:\Users\Revan\AppData\Local\wxPython\wxPython-demo-4.2.1\demo\FindReplaceDialog.py,file,4030
C:\Users\Revan\AppData\Local\wxPython\wxPython-demo-4.2.1\demo\FloatCanvas.py,file,85789
C:\Users\Revan\AppData\Local\wxPython\wxPython-demo-4.2.1\demo\FontDialog.py,file,4662
C:\Users\Revan\AppData\Local\wxPython\wxPython-demo-4.2.1\demo\FontEnumerator.py,file,2367
C:\Users\Revan\AppData\Local\wxPython\wxPython-demo-4.2.1\demo\Frame.py,file,2695
C:\Users\Revan\AppData\Local\wxPython\wxPython-demo-4.2.1\demo\Gauge.py,file,1982
C:\Users\Revan\AppData\Local\wxPython\wxPython-demo-4.2.1\demo\GenericButtons.py,file,5856
C:\Users\Revan\AppData\Local\wxPython\wxPython-demo-4.2.1\demo\GenericCheckBox.py,file,2029
C:\Users\Revan\AppData\Local\wxPython\wxPython-demo-4.2.1\demo\GenericDirCtrl.py,file,2163
C:\Users\Revan\AppData\Local\wxPython\wxPython-demo-4.2.1\demo\GetMouseState.py,file,4595
C:\Users\Revan\AppData\Local\wxPython\wxPython-demo-4.2.1\demo\GLCanvas.py,file,12001
C:\Users\Revan\AppData\Local\wxPython\wxPython-demo-4.2.1\demo\GraphicsContext.py,file,7990
C:\Users\Revan\AppData\Local\wxPython\wxPython-demo-4.2.1\demo\GraphicsGradient.py,file,8772
C:\Users\Revan\AppData\Local\wxPython\wxPython-demo-4.2.1\demo\Grid.py,file,2848
C:\Users\Revan\AppData\Local\wxPython\wxPython-demo-4.2.1\demo\GridBagSizer.py,file,5303
C:\Users\Revan\AppData\Local\wxPython\wxPython-demo-4.2.1\demo\GridCustEditor.py,file,8424
C:\Users\Revan\AppData\Local\wxPython\wxPython-demo-4.2.1\demo\GridCustTable.py,file,5772
C:\Users\Revan\AppData\Local\wxPython\wxPython-demo-4.2.1\demo\GridDragable.py,file,6520
C:\Users\Revan\AppData\Local\wxPython\wxPython-demo-4.2.1\demo\GridDragAndDrop.py,file,2742
C:\Users\Revan\AppData\Local\wxPython\wxPython-demo-4.2.1\demo\GridEnterHandler.py,file,1826
C:\Users\Revan\AppData\Local\wxPython\wxPython-demo-4.2.1\demo\GridHugeTable.py,file,2512
C:\Users\Revan\AppData\Local\wxPython\wxPython-demo-4.2.1\demo\GridLabelRenderer.py,file,3508
C:\Users\Revan\AppData\Local\wxPython\wxPython-demo-4.2.1\demo\GridSimple.py,file,9706
C:\Users\Revan\AppData\Local\wxPython\wxPython-demo-4.2.1\demo\GridStdEdRend.py,file,6051
C:\Users\Revan\AppData\Local\wxPython\wxPython-demo-4.2.1\demo\Grid_MegaExample.py,file,15300
C:\Users\Revan\AppData\Local\wxPython\wxPython-demo-4.2.1\demo\HTML2_WebView.py,file,5885
C:\Users\Revan\AppData\Local\wxPython\wxPython-demo-4.2.1\demo\HtmlWindow.py,file,6768
C:\Users\Revan\AppData\Local\wxPython\wxPython-demo-4.2.1\demo\I18N.py,file,9063
C:\Users\Revan\AppData\Local\wxPython\wxPython-demo-4.2.1\demo\Image.py,file,14684
C:\Users\Revan\AppData\Local\wxPython\wxPython-demo-4.2.1\demo\ImageAlpha.py,file,2339
C:\Users\Revan\AppData\Local\wxPython\wxPython-demo-4.2.1\demo\ImageBrowser.py,file,1752
C:\Users\Revan\AppData\Local\wxPython\wxPython-demo-4.2.1\demo\ImageFromStream.py,file,1205
C:\Users\Revan\AppData\Local\wxPython\wxPython-demo-4.2.1\demo\images.py,file,521969
C:\Users\Revan\AppData\Local\wxPython\wxPython-demo-4.2.1\demo\Img2PyArtProvider.py,file,2743
C:\Users\Revan\AppData\Local\wxPython\wxPython-demo-4.2.1\demo\InfoBar.py,file,4169
C:\Users\Revan\AppData\Local\wxPython\wxPython-demo-4.2.1\demo\infoframe.py,file,5147
C:\Users\Revan\AppData\Local\wxPython\wxPython-demo-4.2.1\demo\IntCtrl.py,file,13405
C:\Users\Revan\AppData\Local\wxPython\wxPython-demo-4.2.1\demo\ItemsPicker.py,file,3680
C:\Users\Revan\AppData\Local\wxPython\wxPython-demo-4.2.1\demo\Joystick.py,file,36018
C:\Users\Revan\AppData\Local\wxPython\wxPython-demo-4.2.1\demo\KeyEvents.py,file,13299
C:\Users\Revan\AppData\Local\wxPython\wxPython-demo-4.2.1\demo\LayoutAnchors.py,file,9500
C:\Users\Revan\AppData\Local\wxPython\wxPython-demo-4.2.1\demo\LayoutConstraints.py,file,4898
C:\Users\Revan\AppData\Local\wxPython\wxPython-demo-4.2.1\demo\Layoutf.py,file,2259
C:\Users\Revan\AppData\Local\wxPython\wxPython-demo-4.2.1\demo\LEDNumberCtrl.py,file,2928
C:\Users\Revan\AppData\Local\wxPython\wxPython-demo-4.2.1\demo\Listbook.py,file,3073
C:\Users\Revan\AppData\Local\wxPython\wxPython-demo-4.2.1\demo\ListBox.py,file,5811
C:\Users\Revan\AppData\Local\wxPython\wxPython-demo-4.2.1\demo\ListCtrl.py,file,20988
C:\Users\Revan\AppData\Local\wxPython\wxPython-demo-4.2.1\demo\ListCtrl_edit.py,file,5071
C:\Users\Revan\AppData\Local\wxPython\wxPython-demo-4.2.1\demo\ListCtrl_virtual.py,file,4839
C:\Users\Revan\AppData\Local\wxPython\wxPython-demo-4.2.1\demo\Main.py,file,95455
C:\Users\Revan\AppData\Local\wxPython\wxPython-demo-4.2.1\demo\Mask.py,file,4116
C:\Users\Revan\AppData\Local\wxPython\wxPython-demo-4.2.1\demo\MaskedEditControls.py,file,29596
C:\Users\Revan\AppData\Local\wxPython\wxPython-demo-4.2.1\demo\MaskedNumCtrl.py,file,15516
C:\Users\Revan\AppData\Local\wxPython\wxPython-demo-4.2.1\demo\MDIDemo.py,file,2210
C:\Users\Revan\AppData\Local\wxPython\wxPython-demo-4.2.1\demo\MDISashDemo.py,file,4649
C:\Users\Revan\AppData\Local\wxPython\wxPython-demo-4.2.1\demo\MDIWindows.py,file,1892
C:\Users\Revan\AppData\Local\wxPython\wxPython-demo-4.2.1\demo\MediaCtrl.py,file,6021
C:\Users\Revan\AppData\Local\wxPython\wxPython-demo-4.2.1\demo\Menu.py,file,11117
C:\Users\Revan\AppData\Local\wxPython\wxPython-demo-4.2.1\demo\MessageDialog.py,file,1467
C:\Users\Revan\AppData\Local\wxPython\wxPython-demo-4.2.1\demo\MimeTypesManager.py,file,13368
C:\Users\Revan\AppData\Local\wxPython\wxPython-demo-4.2.1\demo\MiniFrame.py,file,1887
C:\Users\Revan\AppData\Local\wxPython\wxPython-demo-4.2.1\demo\MouseGestures.py,file,7388
C:\Users\Revan\AppData\Local\wxPython\wxPython-demo-4.2.1\demo\MultiChoiceDialog.py,file,1573
C:\Users\Revan\AppData\Local\wxPython\wxPython-demo-4.2.1\demo\MultipleChoiceDialog.py,file,2604
C:\Users\Revan\AppData\Local\wxPython\wxPython-demo-4.2.1\demo\MultiSash.py,file,2696
C:\Users\Revan\AppData\Local\wxPython\wxPython-demo-4.2.1\demo\MultiSplitterWindow.py,file,4796
C:\Users\Revan\AppData\Local\wxPython\wxPython-demo-4.2.1\demo\Notebook.py,file,3878
C:\Users\Revan\AppData\Local\wxPython\wxPython-demo-4.2.1\demo\NotificationMessage.py,file,2052
C:\Users\Revan\AppData\Local\wxPython\wxPython-demo-4.2.1\demo\OGL.py,file,13333
C:\Users\Revan\AppData\Local\wxPython\wxPython-demo-4.2.1\demo\Overlay.py,file,7244
C:\Users\Revan\AppData\Local\wxPython\wxPython-demo-4.2.1\demo\OwnerDrawnComboBox.py,file,4855
C:\Users\Revan\AppData\Local\wxPython\wxPython-demo-4.2.1\demo\PageSetupDialog.py,file,2231
C:\Users\Revan\AppData\Local\wxPython\wxPython-demo-4.2.1\demo\PDFViewer.py,file,4339
C:\Users\Revan\AppData\Local\wxPython\wxPython-demo-4.2.1\demo\PenAndBrushStyles.py,file,5765
C:\Users\Revan\AppData\Local\wxPython\wxPython-demo-4.2.1\demo\Pickers.py,file,4555
C:\Users\Revan\AppData\Local\wxPython\wxPython-demo-4.2.1\demo\PlateButton.py,file,22329
C:\Users\Revan\AppData\Local\wxPython\wxPython-demo-4.2.1\demo\PopupControl.py,file,2985
C:\Users\Revan\AppData\Local\wxPython\wxPython-demo-4.2.1\demo\PopupMenu.py,file,4955
C:\Users\Revan\AppData\Local\wxPython\wxPython-demo-4.2.1\demo\PopupWindow.py,file,7441
C:\Users\Revan\AppData\Local\wxPython\wxPython-demo-4.2.1\demo\PrintDialog.py,file,1678
C:\Users\Revan\AppData\Local\wxPython\wxPython-demo-4.2.1\demo\PrintFramework.py,file,7656
C:\Users\Revan\AppData\Local\wxPython\wxPython-demo-4.2.1\demo\Process.py,file,5179
C:\Users\Revan\AppData\Local\wxPython\wxPython-demo-4.2.1\demo\ProgressDialog.py,file,2703
C:\Users\Revan\AppData\Local\wxPython\wxPython-demo-4.2.1\demo\PropertyGrid.py,file,35839
C:\Users\Revan\AppData\Local\wxPython\wxPython-demo-4.2.1\demo\PropertySheetDialog.py,file,7865
C:\Users\Revan\AppData\Local\wxPython\wxPython-demo-4.2.1\demo\PseudoDC.py,file,11381
C:\Users\Revan\AppData\Local\wxPython\wxPython-demo-4.2.1\demo\PyColourChooser.py,file,1693
C:\Users\Revan\AppData\Local\wxPython\wxPython-demo-4.2.1\demo\PyCrust.py,file,544
C:\Users\Revan\AppData\Local\wxPython\wxPython-demo-4.2.1\demo\PyPlot.py,file,2465
C:\Users\Revan\AppData\Local\wxPython\wxPython-demo-4.2.1\demo\PyShell.py,file,522
C:\Users\Revan\AppData\Local\wxPython\wxPython-demo-4.2.1\demo\PythonEvents.py,file,3197
C:\Users\Revan\AppData\Local\wxPython\wxPython-demo-4.2.1\demo\RadioBox.py,file,1845
C:\Users\Revan\AppData\Local\wxPython\wxPython-demo-4.2.1\demo\RadioButton.py,file,4379
C:\Users\Revan\AppData\Local\wxPython\wxPython-demo-4.2.1\demo\RawBitmapAccess.py,file,7425
C:\Users\Revan\AppData\Local\wxPython\wxPython-demo-4.2.1\demo\README.txt,file,180
C:\Users\Revan\AppData\Local\wxPython\wxPython-demo-4.2.1\demo\RearrangeDialog.py,file,5514
C:\Users\Revan\AppData\Local\wxPython\wxPython-demo-4.2.1\demo\RendererNative.py,file,8127
C:\Users\Revan\AppData\Local\wxPython\wxPython-demo-4.2.1\demo\ResizeWidget.py,file,1975
C:\Users\Revan\AppData\Local\wxPython\wxPython-demo-4.2.1\demo\RichMessageDialog.py,file,3108
C:\Users\Revan\AppData\Local\wxPython\wxPython-demo-4.2.1\demo\RichTextCtrl.py,file,28342
C:\Users\Revan\AppData\Local\wxPython\wxPython-demo-4.2.1\demo\RichToolTip.py,file,5657
C:\Users\Revan\AppData\Local\wxPython\wxPython-demo-4.2.1\demo\run.py,file,4882
C:\Users\Revan\AppData\Local\wxPython\wxPython-demo-4.2.1\demo\SashWindow.py,file,5045
C:\Users\Revan\AppData\Local\wxPython\wxPython-demo-4.2.1\demo\ScrolledMessageDialog.py,file,1408
C:\Users\Revan\AppData\Local\wxPython\wxPython-demo-4.2.1\demo\ScrolledPanel.py,file,4415
C:\Users\Revan\AppData\Local\wxPython\wxPython-demo-4.2.1\demo\ScrolledWindow.py,file,8964
C:\Users\Revan\AppData\Local\wxPython\wxPython-demo-4.2.1\demo\SearchCtrl.py,file,3435
C:\Users\Revan\AppData\Local\wxPython\wxPython-demo-4.2.1\demo\ShapedWindow.py,file,4383
C:\Users\Revan\AppData\Local\wxPython\wxPython-demo-4.2.1\demo\Simplebook.py,file,6178
C:\Users\Revan\AppData\Local\wxPython\wxPython-demo-4.2.1\demo\SingleChoiceDialog.py,file,1455
C:\Users\Revan\AppData\Local\wxPython\wxPython-demo-4.2.1\demo\SizedControls.py,file,14176
C:\Users\Revan\AppData\Local\wxPython\wxPython-demo-4.2.1\demo\Sizers.py,file,21305
C:\Users\Revan\AppData\Local\wxPython\wxPython-demo-4.2.1\demo\Slider.py,file,1191
C:\Users\Revan\AppData\Local\wxPython\wxPython-demo-4.2.1\demo\Sound.py,file,3004
C:\Users\Revan\AppData\Local\wxPython\wxPython-demo-4.2.1\demo\SpinButton.py,file,1980
C:\Users\Revan\AppData\Local\wxPython\wxPython-demo-4.2.1\demo\SpinCtrl.py,file,1553
C:\Users\Revan\AppData\Local\wxPython\wxPython-demo-4.2.1\demo\SpinCtrlDouble.py,file,1017
C:\Users\Revan\AppData\Local\wxPython\wxPython-demo-4.2.1\demo\SplitterWindow.py,file,1842
C:\Users\Revan\AppData\Local\wxPython\wxPython-demo-4.2.1\demo\SplitTree.py,file,4708
C:\Users\Revan\AppData\Local\wxPython\wxPython-demo-4.2.1\demo\StandardPaths.py,file,3624
C:\Users\Revan\AppData\Local\wxPython\wxPython-demo-4.2.1\demo\StaticBitmap.py,file,1361
C:\Users\Revan\AppData\Local\wxPython\wxPython-demo-4.2.1\demo\StaticBox.py,file,1992
C:\Users\Revan\AppData\Local\wxPython\wxPython-demo-4.2.1\demo\StaticText.py,file,1920
C:\Users\Revan\AppData\Local\wxPython\wxPython-demo-4.2.1\demo\StatusBar.py,file,4269
C:\Users\Revan\AppData\Local\wxPython\wxPython-demo-4.2.1\demo\StockButtons.py,file,2429
C:\Users\Revan\AppData\Local\wxPython\wxPython-demo-4.2.1\demo\StyledTextCtrl_1.py,file,10362
C:\Users\Revan\AppData\Local\wxPython\wxPython-demo-4.2.1\demo\StyledTextCtrl_2.py,file,16316
C:\Users\Revan\AppData\Local\wxPython\wxPython-demo-4.2.1\demo\SVGImage_Bitmap.py,file,4185
C:\Users\Revan\AppData\Local\wxPython\wxPython-demo-4.2.1\demo\SVGImage_Render.py,file,4291
C:\Users\Revan\AppData\Local\wxPython\wxPython-demo-4.2.1\demo\SystemSettings.py,file,10194
C:\Users\Revan\AppData\Local\wxPython\wxPython-demo-4.2.1\demo\TablePrint.py,file,6737
C:\Users\Revan\AppData\Local\wxPython\wxPython-demo-4.2.1\demo\template.py,file,697
C:\Users\Revan\AppData\Local\wxPython\wxPython-demo-4.2.1\demo\TestTable.txt,file,7980
C:\Users\Revan\AppData\Local\wxPython\wxPython-demo-4.2.1\demo\TextCtrl.py,file,6639
C:\Users\Revan\AppData\Local\wxPython\wxPython-demo-4.2.1\demo\TextEntryDialog.py,file,1512
C:\Users\Revan\AppData\Local\wxPython\wxPython-demo-4.2.1\demo\Threads.py,file,7564
C:\Users\Revan\AppData\Local\wxPython\wxPython-demo-4.2.1\demo\Throbber.py,file,8085
C:\Users\Revan\AppData\Local\wxPython\wxPython-demo-4.2.1\demo\throbImages.py,file,92524
C:\Users\Revan\AppData\Local\wxPython\wxPython-demo-4.2.1\demo\Ticker.py,file,5169
C:\Users\Revan\AppData\Local\wxPython\wxPython-demo-4.2.1\demo\TimeCtrl.py,file,9339
C:\Users\Revan\AppData\Local\wxPython\wxPython-demo-4.2.1\demo\TimePickerCtrl.py,file,1577
C:\Users\Revan\AppData\Local\wxPython\wxPython-demo-4.2.1\demo\Timer.py,file,8809
C:\Users\Revan\AppData\Local\wxPython\wxPython-demo-4.2.1\demo\ToggleButton.py,file,1553
C:\Users\Revan\AppData\Local\wxPython\wxPython-demo-4.2.1\demo\ToolBar.py,file,9213
C:\Users\Revan\AppData\Local\wxPython\wxPython-demo-4.2.1\demo\Toolbook.py,file,3200
C:\Users\Revan\AppData\Local\wxPython\wxPython-demo-4.2.1\demo\ToolTip.py,file,2680
C:\Users\Revan\AppData\Local\wxPython\wxPython-demo-4.2.1\demo\Treebook.py,file,3587
C:\Users\Revan\AppData\Local\wxPython\wxPython-demo-4.2.1\demo\TreeCtrl.py,file,7764
C:\Users\Revan\AppData\Local\wxPython\wxPython-demo-4.2.1\demo\TreeListCtrl.py,file,4581
C:\Users\Revan\AppData\Local\wxPython\wxPython-demo-4.2.1\demo\TreeMixin.py,file,9855
C:\Users\Revan\AppData\Local\wxPython\wxPython-demo-4.2.1\demo\UIActionSimulator.py,file,4598
C:\Users\Revan\AppData\Local\wxPython\wxPython-demo-4.2.1\demo\Unicode.py,file,5978
C:\Users\Revan\AppData\Local\wxPython\wxPython-demo-4.2.1\demo\URLDragAndDrop.py,file,3967
C:\Users\Revan\AppData\Local\wxPython\wxPython-demo-4.2.1\demo\Validator.py,file,7030
C:\Users\Revan\AppData\Local\wxPython\wxPython-demo-4.2.1\demo\version.py,file,75
C:\Users\Revan\AppData\Local\wxPython\wxPython-demo-4.2.1\demo\VListBox.py,file,5979
C:\Users\Revan\AppData\Local\wxPython\wxPython-demo-4.2.1\demo\widgetTest.py,file,2121
C:\Users\Revan\AppData\Local\wxPython\wxPython-demo-4.2.1\demo\Wizard.py,file,8113
C:\Users\Revan\AppData\Local\wxPython\wxPython-demo-4.2.1\demo\WrapSizer.py,file,3736
C:\Users\Revan\AppData\Local\wxPython\wxPython-demo-4.2.1\demo\wxpdemo.ico,file,2238
C:\Users\Revan\AppData\Local\wxPython\wxPython-demo-4.2.1\demo\XmlResource.py,file,2235
C:\Users\Revan\AppData\Local\wxPython\wxPython-demo-4.2.1\demo\XmlResourceHandler.py,file,7045
C:\Users\Revan\AppData\Local\wxPython\wxPython-demo-4.2.1\demo\XmlResourceSubclass.py,file,3696
C:\Users\Revan\AppData\Local\wxPython\wxPython-demo-4.2.1\demo\__main__.py,file,168
C:\Users\Revan\AppData\Local\wxPython\wxPython-demo-4.2.1\demo\agw,dir,1850761
C:\Users\Revan\AppData\Local\wxPython\wxPython-demo-4.2.1\demo\agw\AdvancedSplash.py,file,1636
C:\Users\Revan\AppData\Local\wxPython\wxPython-demo-4.2.1\demo\agw\AGWInfoBar.py,file,5291
C:\Users\Revan\AppData\Local\wxPython\wxPython-demo-4.2.1\demo\agw\AquaButton.py,file,4693
C:\Users\Revan\AppData\Local\wxPython\wxPython-demo-4.2.1\demo\agw\AUI.py,file,133242
C:\Users\Revan\AppData\Local\wxPython\wxPython-demo-4.2.1\demo\agw\BalloonTip.py,file,14968
C:\Users\Revan\AppData\Local\wxPython\wxPython-demo-4.2.1\demo\agw\ButtonPanel.py,file,32425
C:\Users\Revan\AppData\Local\wxPython\wxPython-demo-4.2.1\demo\agw\CubeColourDialog.py,file,2933
C:\Users\Revan\AppData\Local\wxPython\wxPython-demo-4.2.1\demo\agw\CustomTreeCtrl.py,file,77402
C:\Users\Revan\AppData\Local\wxPython\wxPython-demo-4.2.1\demo\agw\FlatMenu.py,file,31565
C:\Users\Revan\AppData\Local\wxPython\wxPython-demo-4.2.1\demo\agw\FlatNotebook.py,file,33652
C:\Users\Revan\AppData\Local\wxPython\wxPython-demo-4.2.1\demo\agw\FloatSpin.py,file,22377
C:\Users\Revan\AppData\Local\wxPython\wxPython-demo-4.2.1\demo\agw\FoldPanelBar.py,file,35032
C:\Users\Revan\AppData\Local\wxPython\wxPython-demo-4.2.1\demo\agw\FourWaySplitter.py,file,8048
C:\Users\Revan\AppData\Local\wxPython\wxPython-demo-4.2.1\demo\agw\GenericMessageDialog.py,file,7289
C:\Users\Revan\AppData\Local\wxPython\wxPython-demo-4.2.1\demo\agw\GradientButton.py,file,5606
C:\Users\Revan\AppData\Local\wxPython\wxPython-demo-4.2.1\demo\agw\HyperLinkCtrl.py,file,4894
C:\Users\Revan\AppData\Local\wxPython\wxPython-demo-4.2.1\demo\agw\HyperTreeList.py,file,95878
C:\Users\Revan\AppData\Local\wxPython\wxPython-demo-4.2.1\demo\agw\images.py,file,510180
C:\Users\Revan\AppData\Local\wxPython\wxPython-demo-4.2.1\demo\agw\KnobCtrl.py,file,6461
C:\Users\Revan\AppData\Local\wxPython\wxPython-demo-4.2.1\demo\agw\LabelBook.py,file,19952
C:\Users\Revan\AppData\Local\wxPython\wxPython-demo-4.2.1\demo\agw\MacLargeDemo.py,file,14707
C:\Users\Revan\AppData\Local\wxPython\wxPython-demo-4.2.1\demo\agw\MultiDirDialog.py,file,3364
C:\Users\Revan\AppData\Local\wxPython\wxPython-demo-4.2.1\demo\agw\PeakMeter.py,file,5954
C:\Users\Revan\AppData\Local\wxPython\wxPython-demo-4.2.1\demo\agw\PersistentControls.py,file,21146
C:\Users\Revan\AppData\Local\wxPython\wxPython-demo-4.2.1\demo\agw\PieCtrl.py,file,6738
C:\Users\Revan\AppData\Local\wxPython\wxPython-demo-4.2.1\demo\agw\PyBusyInfo.py,file,1435
C:\Users\Revan\AppData\Local\wxPython\wxPython-demo-4.2.1\demo\agw\PyCollapsiblePane.py,file,9514
C:\Users\Revan\AppData\Local\wxPython\wxPython-demo-4.2.1\demo\agw\PyGauge.py,file,5761
C:\Users\Revan\AppData\Local\wxPython\wxPython-demo-4.2.1\demo\agw\PyProgress.py,file,4888
C:\Users\Revan\AppData\Local\wxPython\wxPython-demo-4.2.1\demo\agw\RibbonBar.py,file,38863
C:\Users\Revan\AppData\Local\wxPython\wxPython-demo-4.2.1\demo\agw\RulerCtrl.py,file,15844
C:\Users\Revan\AppData\Local\wxPython\wxPython-demo-4.2.1\demo\agw\ScrolledThumbnail.py,file,4677
C:\Users\Revan\AppData\Local\wxPython\wxPython-demo-4.2.1\demo\agw\ShapedButton.py,file,19634
C:\Users\Revan\AppData\Local\wxPython\wxPython-demo-4.2.1\demo\agw\ShortcutEditor.py,file,13978
C:\Users\Revan\AppData\Local\wxPython\wxPython-demo-4.2.1\demo\agw\SpeedMeter.py,file,24162
C:\Users\Revan\AppData\Local\wxPython\wxPython-demo-4.2.1\demo\agw\SuperToolTip.py,file,17045
C:\Users\Revan\AppData\Local\wxPython\wxPython-demo-4.2.1\demo\agw\ThumbDemoConfig.py,file,22026
C:\Users\Revan\AppData\Local\wxPython\wxPython-demo-4.2.1\demo\agw\ThumbnailCtrl.py,file,4860
C:\Users\Revan\AppData\Local\wxPython\wxPython-demo-4.2.1\demo\agw\ToasterBox.py,file,12990
C:\Users\Revan\AppData\Local\wxPython\wxPython-demo-4.2.1\demo\agw\UltimateListCtrl.py,file,2003
C:\Users\Revan\AppData\Local\wxPython\wxPython-demo-4.2.1\demo\agw\UltimateListIconDemo.py,file,65475
C:\Users\Revan\AppData\Local\wxPython\wxPython-demo-4.2.1\demo\agw\UltimateListListDemo.py,file,4801
C:\Users\Revan\AppData\Local\wxPython\wxPython-demo-4.2.1\demo\agw\UltimateReportDemo.py,file,43413
C:\Users\Revan\AppData\Local\wxPython\wxPython-demo-4.2.1\demo\agw\UltimateVirtualDemo.py,file,5736
C:\Users\Revan\AppData\Local\wxPython\wxPython-demo-4.2.1\demo\agw\Windows7Explorer_Contents.py,file,10790
C:\Users\Revan\AppData\Local\wxPython\wxPython-demo-4.2.1\demo\agw\XLSGrid.py,file,7042
C:\Users\Revan\AppData\Local\wxPython\wxPython-demo-4.2.1\demo\agw\ZoomBar.py,file,7225
C:\Users\Revan\AppData\Local\wxPython\wxPython-demo-4.2.1\demo\agw\__demo__.py,file,7120
C:\Users\Revan\AppData\Local\wxPython\wxPython-demo-4.2.1\demo\agw\bitmaps,dir,309824
C:\Users\Revan\AppData\Local\wxPython\wxPython-demo-4.2.1\demo\agw\bitmaps\advancedsplash.png,file,17858
C:\Users\Revan\AppData\Local\wxPython\wxPython-demo-4.2.1\demo\agw\bitmaps\aquabutton.png,file,2168
C:\Users\Revan\AppData\Local\wxPython\wxPython-demo-4.2.1\demo\agw\bitmaps\aquachecked.ico,file,1406
C:\Users\Revan\AppData\Local\wxPython\wxPython-demo-4.2.1\demo\agw\bitmaps\aquaflagged.ico,file,1406
C:\Users\Revan\AppData\Local\wxPython\wxPython-demo-4.2.1\demo\agw\bitmaps\aquanotchecked.ico,file,1406
C:\Users\Revan\AppData\Local\wxPython\wxPython-demo-4.2.1\demo\agw\bitmaps\aquanotflagged.ico,file,1406
C:\Users\Revan\AppData\Local\wxPython\wxPython-demo-4.2.1\demo\agw\bitmaps\canada.gif,file,152
C:\Users\Revan\AppData\Local\wxPython\wxPython-demo-4.2.1\demo\agw\bitmaps\checked.ico,file,634
C:\Users\Revan\AppData\Local\wxPython\wxPython-demo-4.2.1\demo\agw\bitmaps\columns.png,file,263
C:\Users\Revan\AppData\Local\wxPython\wxPython-demo-4.2.1\demo\agw\bitmaps\contexthelp-16.png,file,688
C:\Users\Revan\AppData\Local\wxPython\wxPython-demo-4.2.1\demo\agw\bitmaps\contexthelp.png,file,717
C:\Users\Revan\AppData\Local\wxPython\wxPython-demo-4.2.1\demo\agw\bitmaps\copy.png,file,600
C:\Users\Revan\AppData\Local\wxPython\wxPython-demo-4.2.1\demo\agw\bitmaps\cut.png,file,1700
C:\Users\Revan\AppData\Local\wxPython\wxPython-demo-4.2.1\demo\agw\bitmaps\editcopy.png,file,964
C:\Users\Revan\AppData\Local\wxPython\wxPython-demo-4.2.1\demo\agw\bitmaps\editcut.png,file,1120
C:\Users\Revan\AppData\Local\wxPython\wxPython-demo-4.2.1\demo\agw\bitmaps\editpaste.png,file,1413
C:\Users\Revan\AppData\Local\wxPython\wxPython-demo-4.2.1\demo\agw\bitmaps\empty_icon.png,file,515
C:\Users\Revan\AppData\Local\wxPython\wxPython-demo-4.2.1\demo\agw\bitmaps\exit-16.png,file,802
C:\Users\Revan\AppData\Local\wxPython\wxPython-demo-4.2.1\demo\agw\bitmaps\exit.ico,file,1406
C:\Users\Revan\AppData\Local\wxPython\wxPython-demo-4.2.1\demo\agw\bitmaps\Explorer96.png,file,17127
C:\Users\Revan\AppData\Local\wxPython\wxPython-demo-4.2.1\demo\agw\bitmaps\Explorer96Flip40.png,file,16821
C:\Users\Revan\AppData\Local\wxPython\wxPython-demo-4.2.1\demo\agw\bitmaps\ffwd.png,file,303
C:\Users\Revan\AppData\Local\wxPython\wxPython-demo-4.2.1\demo\agw\bitmaps\ffwddisabled.png,file,339
C:\Users\Revan\AppData\Local\wxPython\wxPython-demo-4.2.1\demo\agw\bitmaps\field-16.png,file,635
C:\Users\Revan\AppData\Local\wxPython\wxPython-demo-4.2.1\demo\agw\bitmaps\filenew.png,file,271
C:\Users\Revan\AppData\Local\wxPython\wxPython-demo-4.2.1\demo\agw\bitmaps\fileopen.png,file,1203
C:\Users\Revan\AppData\Local\wxPython\wxPython-demo-4.2.1\demo\agw\bitmaps\filesave.png,file,1313
C:\Users\Revan\AppData\Local\wxPython\wxPython-demo-4.2.1\demo\agw\bitmaps\flagged.ico,file,634
C:\Users\Revan\AppData\Local\wxPython\wxPython-demo-4.2.1\demo\agw\bitmaps\folder.png,file,1133
C:\Users\Revan\AppData\Local\wxPython\wxPython-demo-4.2.1\demo\agw\bitmaps\Folder96.png,file,14545
C:\Users\Revan\AppData\Local\wxPython\wxPython-demo-4.2.1\demo\agw\bitmaps\Folder96Flip40.png,file,14441
C:\Users\Revan\AppData\Local\wxPython\wxPython-demo-4.2.1\demo\agw\bitmaps\folder_new.png,file,1543
C:\Users\Revan\AppData\Local\wxPython\wxPython-demo-4.2.1\demo\agw\bitmaps\ghost.png,file,469
C:\Users\Revan\AppData\Local\wxPython\wxPython-demo-4.2.1\demo\agw\bitmaps\gradientbutton.png,file,2613
C:\Users\Revan\AppData\Local\wxPython\wxPython-demo-4.2.1\demo\agw\bitmaps\help-16.png,file,734
C:\Users\Revan\AppData\Local\wxPython\wxPython-demo-4.2.1\demo\agw\bitmaps\help.ico,file,1406
C:\Users\Revan\AppData\Local\wxPython\wxPython-demo-4.2.1\demo\agw\bitmaps\italy.gif,file,119
C:\Users\Revan\AppData\Local\wxPython\wxPython-demo-4.2.1\demo\agw\bitmaps\lbadd.png,file,1881
C:\Users\Revan\AppData\Local\wxPython\wxPython-demo-4.2.1\demo\agw\bitmaps\lbcharge.png,file,2093
C:\Users\Revan\AppData\Local\wxPython\wxPython-demo-4.2.1\demo\agw\bitmaps\lbdecrypted.png,file,1335
C:\Users\Revan\AppData\Local\wxPython\wxPython-demo-4.2.1\demo\agw\bitmaps\lbnews.png,file,2131
C:\Users\Revan\AppData\Local\wxPython\wxPython-demo-4.2.1\demo\agw\bitmaps\lbroll.png,file,1910
C:\Users\Revan\AppData\Local\wxPython\wxPython-demo-4.2.1\demo\agw\bitmaps\minus1.ico,file,1278
C:\Users\Revan\AppData\Local\wxPython\wxPython-demo-4.2.1\demo\agw\bitmaps\minus2.ico,file,1346
C:\Users\Revan\AppData\Local\wxPython\wxPython-demo-4.2.1\demo\agw\bitmaps\minus3.ico,file,1262
C:\Users\Revan\AppData\Local\wxPython\wxPython-demo-4.2.1\demo\agw\bitmaps\minus4.ico,file,258
C:\Users\Revan\AppData\Local\wxPython\wxPython-demo-4.2.1\demo\agw\bitmaps\minus5.ico,file,1346
C:\Users\Revan\AppData\Local\wxPython\wxPython-demo-4.2.1\demo\agw\bitmaps\Monitor96.png,file,11621
C:\Users\Revan\AppData\Local\wxPython\wxPython-demo-4.2.1\demo\agw\bitmaps\Monitor96Flip40.png,file,11495
C:\Users\Revan\AppData\Local\wxPython\wxPython-demo-4.2.1\demo\agw\bitmaps\month-16.png,file,335
C:\Users\Revan\AppData\Local\wxPython\wxPython-demo-4.2.1\demo\agw\bitmaps\Music96.png,file,17554
C:\Users\Revan\AppData\Local\wxPython\wxPython-demo-4.2.1\demo\agw\bitmaps\Music96Flip40.png,file,17303
C:\Users\Revan\AppData\Local\wxPython\wxPython-demo-4.2.1\demo\agw\bitmaps\new_file.png,file,1391
C:\Users\Revan\AppData\Local\wxPython\wxPython-demo-4.2.1\demo\agw\bitmaps\new_folder.png,file,1748
C:\Users\Revan\AppData\Local\wxPython\wxPython-demo-4.2.1\demo\agw\bitmaps\notchecked.ico,file,634
C:\Users\Revan\AppData\Local\wxPython\wxPython-demo-4.2.1\demo\agw\bitmaps\notflagged.ico,file,634
C:\Users\Revan\AppData\Local\wxPython\wxPython-demo-4.2.1\demo\agw\bitmaps\ok-16.png,file,495
C:\Users\Revan\AppData\Local\wxPython\wxPython-demo-4.2.1\demo\agw\bitmaps\open_folder.png,file,1524
C:\Users\Revan\AppData\Local\wxPython\wxPython-demo-4.2.1\demo\agw\bitmaps\paste.png,file,1126
C:\Users\Revan\AppData\Local\wxPython\wxPython-demo-4.2.1\demo\agw\bitmaps\pause.png,file,204
C:\Users\Revan\AppData\Local\wxPython\wxPython-demo-4.2.1\demo\agw\bitmaps\pausedisabled.png,file,229
C:\Users\Revan\AppData\Local\wxPython\wxPython-demo-4.2.1\demo\agw\bitmaps\Photo96.png,file,13937
C:\Users\Revan\AppData\Local\wxPython\wxPython-demo-4.2.1\demo\agw\bitmaps\Photo96Flip40.png,file,13727
C:\Users\Revan\AppData\Local\wxPython\wxPython-demo-4.2.1\demo\agw\bitmaps\play.png,file,177
C:\Users\Revan\AppData\Local\wxPython\wxPython-demo-4.2.1\demo\agw\bitmaps\playdisabled.png,file,260
C:\Users\Revan\AppData\Local\wxPython\wxPython-demo-4.2.1\demo\agw\bitmaps\plus1.ico,file,1278
C:\Users\Revan\AppData\Local\wxPython\wxPython-demo-4.2.1\demo\agw\bitmaps\plus2.ico,file,1346
C:\Users\Revan\AppData\Local\wxPython\wxPython-demo-4.2.1\demo\agw\bitmaps\plus3.ico,file,1262
C:\Users\Revan\AppData\Local\wxPython\wxPython-demo-4.2.1\demo\agw\bitmaps\plus4.ico,file,258
C:\Users\Revan\AppData\Local\wxPython\wxPython-demo-4.2.1\demo\agw\bitmaps\plus5.ico,file,1346
C:\Users\Revan\AppData\Local\wxPython\wxPython-demo-4.2.1\demo\agw\bitmaps\record.png,file,225
C:\Users\Revan\AppData\Local\wxPython\wxPython-demo-4.2.1\demo\agw\bitmaps\recorddisabled.png,file,362
C:\Users\Revan\AppData\Local\wxPython\wxPython-demo-4.2.1\demo\agw\bitmaps\recording.gif,file,852
C:\Users\Revan\AppData\Local\wxPython\wxPython-demo-4.2.1\demo\agw\bitmaps\rewind.png,file,327
C:\Users\Revan\AppData\Local\wxPython\wxPython-demo-4.2.1\demo\agw\bitmaps\rewinddisabled.png,file,344
C:\Users\Revan\AppData\Local\wxPython\wxPython-demo-4.2.1\demo\agw\bitmaps\round.png,file,514
C:\Users\Revan\AppData\Local\wxPython\wxPython-demo-4.2.1\demo\agw\bitmaps\save.png,file,1731
C:\Users\Revan\AppData\Local\wxPython\wxPython-demo-4.2.1\demo\agw\bitmaps\Search96.png,file,8483
C:\Users\Revan\AppData\Local\wxPython\wxPython-demo-4.2.1\demo\agw\bitmaps\Search96Flip40.png,file,8261
C:\Users\Revan\AppData\Local\wxPython\wxPython-demo-4.2.1\demo\agw\bitmaps\separator.gif,file,1251
C:\Users\Revan\AppData\Local\wxPython\wxPython-demo-4.2.1\demo\agw\bitmaps\separatorflip.png,file,753
C:\Users\Revan\AppData\Local\wxPython\wxPython-demo-4.2.1\demo\agw\bitmaps\smfuel.ico,file,2238
C:\Users\Revan\AppData\Local\wxPython\wxPython-demo-4.2.1\demo\agw\bitmaps\smpi.ico,file,2238
C:\Users\Revan\AppData\Local\wxPython\wxPython-demo-4.2.1\demo\agw\bitmaps\smtemp.ico,file,2238
C:\Users\Revan\AppData\Local\wxPython\wxPython-demo-4.2.1\demo\agw\bitmaps\stop.png,file,219
C:\Users\Revan\AppData\Local\wxPython\wxPython-demo-4.2.1\demo\agw\bitmaps\stopdisabled.png,file,186
C:\Users\Revan\AppData\Local\wxPython\wxPython-demo-4.2.1\demo\agw\bitmaps\sttbutton.png,file,12131
C:\Users\Revan\AppData\Local\wxPython\wxPython-demo-4.2.1\demo\agw\bitmaps\sttfont.png,file,6670
C:\Users\Revan\AppData\Local\wxPython\wxPython-demo-4.2.1\demo\agw\bitmaps\sttheader.png,file,756
C:\Users\Revan\AppData\Local\wxPython\wxPython-demo-4.2.1\demo\agw\bitmaps\stthelp.png,file,869
C:\Users\Revan\AppData\Local\wxPython\wxPython-demo-4.2.1\demo\agw\bitmaps\view1.png,file,1703
C:\Users\Revan\AppData\Local\wxPython\wxPython-demo-4.2.1\demo\agw\bitmaps\view2.png,file,1728
C:\Users\Revan\AppData\Local\wxPython\wxPython-demo-4.2.1\demo\agw\bitmaps\viewmag-16.png,file,504
C:\Users\Revan\AppData\Local\wxPython\wxPython-demo-4.2.1\demo\agw\bitmaps\viewmag-m-16.png,file,616
C:\Users\Revan\AppData\Local\wxPython\wxPython-demo-4.2.1\demo\agw\bitmaps\viewmag-p-16.png,file,604
C:\Users\Revan\AppData\Local\wxPython\wxPython-demo-4.2.1\demo\agw\bitmaps\viewmagfit-16.png,file,601
C:\Users\Revan\AppData\Local\wxPython\wxPython-demo-4.2.1\demo\agw\bitmaps\view_choose.png,file,1210
C:\Users\Revan\AppData\Local\wxPython\wxPython-demo-4.2.1\demo\agw\bitmaps\view_detailed.png,file,1019
C:\Users\Revan\AppData\Local\wxPython\wxPython-demo-4.2.1\demo\agw\bitmaps\view_icon.png,file,1212
C:\Users\Revan\AppData\Local\wxPython\wxPython-demo-4.2.1\demo\agw\bitmaps\view_multicolumn.png,file,1220
C:\Users\Revan\AppData\Local\wxPython\wxPython-demo-4.2.1\demo\agw\bitmaps\Wizard96.png,file,11023
C:\Users\Revan\AppData\Local\wxPython\wxPython-demo-4.2.1\demo\agw\bitmaps\Wizard96Flip40.png,file,10739
C:\Users\Revan\AppData\Local\wxPython\wxPython-demo-4.2.1\demo\agw\data,dir,38912
C:\Users\Revan\AppData\Local\wxPython\wxPython-demo-4.2.1\demo\agw\data\Example_1.xls,file,38912
C:\Users\Revan\AppData\Local\wxPython\wxPython-demo-4.2.1\demo\agw\__pycache__,dir,47310
C:\Users\Revan\AppData\Local\wxPython\wxPython-demo-4.2.1\demo\agw\__pycache__\ThumbDemoConfig.cpython-311.pyc,file,40397
C:\Users\Revan\AppData\Local\wxPython\wxPython-demo-4.2.1\demo\agw\__pycache__\__demo__.cpython-311.pyc,file,6913
C:\Users\Revan\AppData\Local\wxPython\wxPython-demo-4.2.1\demo\bitmaps,dir,700269
C:\Users\Revan\AppData\Local\wxPython\wxPython-demo-4.2.1\demo\bitmaps\advancedsplash.png,file,17858
C:\Users\Revan\AppData\Local\wxPython\wxPython-demo-4.2.1\demo\bitmaps\AG00028_.gif,file,9328
C:\Users\Revan\AppData\Local\wxPython\wxPython-demo-4.2.1\demo\bitmaps\AG00039_.gif,file,3587
C:\Users\Revan\AppData\Local\wxPython\wxPython-demo-4.2.1\demo\bitmaps\AG00178_.gif,file,13688
C:\Users\Revan\AppData\Local\wxPython\wxPython-demo-4.2.1\demo\bitmaps\AG00183_.gif,file,16473
C:\Users\Revan\AppData\Local\wxPython\wxPython-demo-4.2.1\demo\bitmaps\AG00185_.gif,file,6743
C:\Users\Revan\AppData\Local\wxPython\wxPython-demo-4.2.1\demo\bitmaps\aquabutton.png,file,2168
C:\Users\Revan\AppData\Local\wxPython\wxPython-demo-4.2.1\demo\bitmaps\aquachecked.ico,file,1406
C:\Users\Revan\AppData\Local\wxPython\wxPython-demo-4.2.1\demo\bitmaps\aquaflagged.ico,file,1406
C:\Users\Revan\AppData\Local\wxPython\wxPython-demo-4.2.1\demo\bitmaps\aquanotchecked.ico,file,1406
C:\Users\Revan\AppData\Local\wxPython\wxPython-demo-4.2.1\demo\bitmaps\aquanotflagged.ico,file,1406
C:\Users\Revan\AppData\Local\wxPython\wxPython-demo-4.2.1\demo\bitmaps\BD13656_.gif,file,12877
C:\Users\Revan\AppData\Local\wxPython\wxPython-demo-4.2.1\demo\bitmaps\canada.gif,file,152
C:\Users\Revan\AppData\Local\wxPython\wxPython-demo-4.2.1\demo\bitmaps\checked.ico,file,634
C:\Users\Revan\AppData\Local\wxPython\wxPython-demo-4.2.1\demo\bitmaps\columns.png,file,263
C:\Users\Revan\AppData\Local\wxPython\wxPython-demo-4.2.1\demo\bitmaps\contexthelp-16.png,file,688
C:\Users\Revan\AppData\Local\wxPython\wxPython-demo-4.2.1\demo\bitmaps\contexthelp.png,file,717
C:\Users\Revan\AppData\Local\wxPython\wxPython-demo-4.2.1\demo\bitmaps\copy.png,file,600
C:\Users\Revan\AppData\Local\wxPython\wxPython-demo-4.2.1\demo\bitmaps\cropshot24x20.png,file,171
C:\Users\Revan\AppData\Local\wxPython\wxPython-demo-4.2.1\demo\bitmaps\cut.png,file,1700
C:\Users\Revan\AppData\Local\wxPython\wxPython-demo-4.2.1\demo\bitmaps\editcopy.png,file,964
C:\Users\Revan\AppData\Local\wxPython\wxPython-demo-4.2.1\demo\bitmaps\editcut.png,file,1120
C:\Users\Revan\AppData\Local\wxPython\wxPython-demo-4.2.1\demo\bitmaps\editpaste.png,file,1413
C:\Users\Revan\AppData\Local\wxPython\wxPython-demo-4.2.1\demo\bitmaps\exit-16.png,file,802
C:\Users\Revan\AppData\Local\wxPython\wxPython-demo-4.2.1\demo\bitmaps\exit.ico,file,1406
C:\Users\Revan\AppData\Local\wxPython\wxPython-demo-4.2.1\demo\bitmaps\ffwd.png,file,303
C:\Users\Revan\AppData\Local\wxPython\wxPython-demo-4.2.1\demo\bitmaps\ffwddisabled.png,file,339
C:\Users\Revan\AppData\Local\wxPython\wxPython-demo-4.2.1\demo\bitmaps\field-16.png,file,635
C:\Users\Revan\AppData\Local\wxPython\wxPython-demo-4.2.1\demo\bitmaps\filenew.png,file,271
C:\Users\Revan\AppData\Local\wxPython\wxPython-demo-4.2.1\demo\bitmaps\fileopen.png,file,1203
C:\Users\Revan\AppData\Local\wxPython\wxPython-demo-4.2.1\demo\bitmaps\filesave.png,file,1313
C:\Users\Revan\AppData\Local\wxPython\wxPython-demo-4.2.1\demo\bitmaps\flagged.ico,file,634
C:\Users\Revan\AppData\Local\wxPython\wxPython-demo-4.2.1\demo\bitmaps\folder_new.png,file,1543
C:\Users\Revan\AppData\Local\wxPython\wxPython-demo-4.2.1\demo\bitmaps\ghost.png,file,469
C:\Users\Revan\AppData\Local\wxPython\wxPython-demo-4.2.1\demo\bitmaps\gradientbutton.png,file,2613
C:\Users\Revan\AppData\Local\wxPython\wxPython-demo-4.2.1\demo\bitmaps\help-16.png,file,734
C:\Users\Revan\AppData\Local\wxPython\wxPython-demo-4.2.1\demo\bitmaps\help.ico,file,1406
C:\Users\Revan\AppData\Local\wxPython\wxPython-demo-4.2.1\demo\bitmaps\honeycomb300.png,file,63461
C:\Users\Revan\AppData\Local\wxPython\wxPython-demo-4.2.1\demo\bitmaps\image.bmp,file,49208
C:\Users\Revan\AppData\Local\wxPython\wxPython-demo-4.2.1\demo\bitmaps\image.gif,file,13836
C:\Users\Revan\AppData\Local\wxPython\wxPython-demo-4.2.1\demo\bitmaps\image.ico,file,67646
C:\Users\Revan\AppData\Local\wxPython\wxPython-demo-4.2.1\demo\bitmaps\image.jpg,file,37902
C:\Users\Revan\AppData\Local\wxPython\wxPython-demo-4.2.1\demo\bitmaps\image.png,file,19144
C:\Users\Revan\AppData\Local\wxPython\wxPython-demo-4.2.1\demo\bitmaps\image.tif,file,58092
C:\Users\Revan\AppData\Local\wxPython\wxPython-demo-4.2.1\demo\bitmaps\italy.gif,file,119
C:\Users\Revan\AppData\Local\wxPython\wxPython-demo-4.2.1\demo\bitmaps\lbadd.png,file,1881
C:\Users\Revan\AppData\Local\wxPython\wxPython-demo-4.2.1\demo\bitmaps\lbcharge.png,file,2093
C:\Users\Revan\AppData\Local\wxPython\wxPython-demo-4.2.1\demo\bitmaps\lbdecrypted.png,file,1335
C:\Users\Revan\AppData\Local\wxPython\wxPython-demo-4.2.1\demo\bitmaps\lbnews.png,file,2131
C:\Users\Revan\AppData\Local\wxPython\wxPython-demo-4.2.1\demo\bitmaps\lbroll.png,file,1910
C:\Users\Revan\AppData\Local\wxPython\wxPython-demo-4.2.1\demo\bitmaps\minus1.ico,file,1278
C:\Users\Revan\AppData\Local\wxPython\wxPython-demo-4.2.1\demo\bitmaps\minus2.ico,file,1346
C:\Users\Revan\AppData\Local\wxPython\wxPython-demo-4.2.1\demo\bitmaps\minus3.ico,file,1262
C:\Users\Revan\AppData\Local\wxPython\wxPython-demo-4.2.1\demo\bitmaps\minus4.ico,file,258
C:\Users\Revan\AppData\Local\wxPython\wxPython-demo-4.2.1\demo\bitmaps\minus5.ico,file,1346
C:\Users\Revan\AppData\Local\wxPython\wxPython-demo-4.2.1\demo\bitmaps\month-16.png,file,335
C:\Users\Revan\AppData\Local\wxPython\wxPython-demo-4.2.1\demo\bitmaps\new_file.png,file,1391
C:\Users\Revan\AppData\Local\wxPython\wxPython-demo-4.2.1\demo\bitmaps\new_folder.png,file,1748
C:\Users\Revan\AppData\Local\wxPython\wxPython-demo-4.2.1\demo\bitmaps\notchecked.ico,file,634
C:\Users\Revan\AppData\Local\wxPython\wxPython-demo-4.2.1\demo\bitmaps\notflagged.ico,file,634
C:\Users\Revan\AppData\Local\wxPython\wxPython-demo-4.2.1\demo\bitmaps\ok-16.png,file,495
C:\Users\Revan\AppData\Local\wxPython\wxPython-demo-4.2.1\demo\bitmaps\open_folder.png,file,1524
C:\Users\Revan\AppData\Local\wxPython\wxPython-demo-4.2.1\demo\bitmaps\paste.png,file,1126
C:\Users\Revan\AppData\Local\wxPython\wxPython-demo-4.2.1\demo\bitmaps\pause.png,file,204
C:\Users\Revan\AppData\Local\wxPython\wxPython-demo-4.2.1\demo\bitmaps\pausedisabled.png,file,229
C:\Users\Revan\AppData\Local\wxPython\wxPython-demo-4.2.1\demo\bitmaps\phoenix_title.png,file,2710
C:\Users\Revan\AppData\Local\wxPython\wxPython-demo-4.2.1\demo\bitmaps\phoenix_top.png,file,74191
C:\Users\Revan\AppData\Local\wxPython\wxPython-demo-4.2.1\demo\bitmaps\play.png,file,177
C:\Users\Revan\AppData\Local\wxPython\wxPython-demo-4.2.1\demo\bitmaps\playdisabled.png,file,260
C:\Users\Revan\AppData\Local\wxPython\wxPython-demo-4.2.1\demo\bitmaps\plus1.ico,file,1278
C:\Users\Revan\AppData\Local\wxPython\wxPython-demo-4.2.1\demo\bitmaps\plus2.ico,file,1346
C:\Users\Revan\AppData\Local\wxPython\wxPython-demo-4.2.1\demo\bitmaps\plus3.ico,file,1262
C:\Users\Revan\AppData\Local\wxPython\wxPython-demo-4.2.1\demo\bitmaps\plus4.ico,file,258
C:\Users\Revan\AppData\Local\wxPython\wxPython-demo-4.2.1\demo\bitmaps\plus5.ico,file,1346
C:\Users\Revan\AppData\Local\wxPython\wxPython-demo-4.2.1\demo\bitmaps\record.png,file,225
C:\Users\Revan\AppData\Local\wxPython\wxPython-demo-4.2.1\demo\bitmaps\recorddisabled.png,file,362
C:\Users\Revan\AppData\Local\wxPython\wxPython-demo-4.2.1\demo\bitmaps\rewind.png,file,327
C:\Users\Revan\AppData\Local\wxPython\wxPython-demo-4.2.1\demo\bitmaps\rewinddisabled.png,file,344
C:\Users\Revan\AppData\Local\wxPython\wxPython-demo-4.2.1\demo\bitmaps\round.png,file,514
C:\Users\Revan\AppData\Local\wxPython\wxPython-demo-4.2.1\demo\bitmaps\save.png,file,1731
C:\Users\Revan\AppData\Local\wxPython\wxPython-demo-4.2.1\demo\bitmaps\smfuel.ico,file,2238
C:\Users\Revan\AppData\Local\wxPython\wxPython-demo-4.2.1\demo\bitmaps\smpi.ico,file,2238
C:\Users\Revan\AppData\Local\wxPython\wxPython-demo-4.2.1\demo\bitmaps\smtemp.ico,file,2238
C:\Users\Revan\AppData\Local\wxPython\wxPython-demo-4.2.1\demo\bitmaps\snakey_render.png,file,51984
C:\Users\Revan\AppData\Local\wxPython\wxPython-demo-4.2.1\demo\bitmaps\splash.png,file,71824
C:\Users\Revan\AppData\Local\wxPython\wxPython-demo-4.2.1\demo\bitmaps\stop.png,file,219
C:\Users\Revan\AppData\Local\wxPython\wxPython-demo-4.2.1\demo\bitmaps\stopdisabled.png,file,186
C:\Users\Revan\AppData\Local\wxPython\wxPython-demo-4.2.1\demo\bitmaps\sttbutton.png,file,12131
C:\Users\Revan\AppData\Local\wxPython\wxPython-demo-4.2.1\demo\bitmaps\sttfont.png,file,6670
C:\Users\Revan\AppData\Local\wxPython\wxPython-demo-4.2.1\demo\bitmaps\sttheader.png,file,756
C:\Users\Revan\AppData\Local\wxPython\wxPython-demo-4.2.1\demo\bitmaps\stthelp.png,file,869
C:\Users\Revan\AppData\Local\wxPython\wxPython-demo-4.2.1\demo\bitmaps\toucan.png,file,9154
C:\Users\Revan\AppData\Local\wxPython\wxPython-demo-4.2.1\demo\bitmaps\view1.png,file,1703
C:\Users\Revan\AppData\Local\wxPython\wxPython-demo-4.2.1\demo\bitmaps\view2.png,file,1735
C:\Users\Revan\AppData\Local\wxPython\wxPython-demo-4.2.1\demo\bitmaps\viewmag-16.png,file,504
C:\Users\Revan\AppData\Local\wxPython\wxPython-demo-4.2.1\demo\bitmaps\viewmag-m-16.png,file,616
C:\Users\Revan\AppData\Local\wxPython\wxPython-demo-4.2.1\demo\bitmaps\viewmag-p-16.png,file,604
C:\Users\Revan\AppData\Local\wxPython\wxPython-demo-4.2.1\demo\bitmaps\viewmagfit-16.png,file,601
C:\Users\Revan\AppData\Local\wxPython\wxPython-demo-4.2.1\demo\bitmaps\view_choose.png,file,1210
C:\Users\Revan\AppData\Local\wxPython\wxPython-demo-4.2.1\demo\bitmaps\view_detailed.png,file,1019
C:\Users\Revan\AppData\Local\wxPython\wxPython-demo-4.2.1\demo\bitmaps\view_icon.png,file,1212
C:\Users\Revan\AppData\Local\wxPython\wxPython-demo-4.2.1\demo\bitmaps\view_multicolumn.png,file,1220
C:\Users\Revan\AppData\Local\wxPython\wxPython-demo-4.2.1\demo\bmp_source,dir,405371
C:\Users\Revan\AppData\Local\wxPython\wxPython-demo-4.2.1\demo\bmp_source\001.png,file,1573
C:\Users\Revan\AppData\Local\wxPython\wxPython-demo-4.2.1\demo\bmp_source\002.png,file,1582
C:\Users\Revan\AppData\Local\wxPython\wxPython-demo-4.2.1\demo\bmp_source\003.png,file,1591
C:\Users\Revan\AppData\Local\wxPython\wxPython-demo-4.2.1\demo\bmp_source\004.png,file,1687
C:\Users\Revan\AppData\Local\wxPython\wxPython-demo-4.2.1\demo\bmp_source\005.png,file,1823
C:\Users\Revan\AppData\Local\wxPython\wxPython-demo-4.2.1\demo\bmp_source\006.png,file,1616
C:\Users\Revan\AppData\Local\wxPython\wxPython-demo-4.2.1\demo\bmp_source\007.png,file,1638
C:\Users\Revan\AppData\Local\wxPython\wxPython-demo-4.2.1\demo\bmp_source\008.png,file,1680
C:\Users\Revan\AppData\Local\wxPython\wxPython-demo-4.2.1\demo\bmp_source\009.png,file,1587
C:\Users\Revan\AppData\Local\wxPython\wxPython-demo-4.2.1\demo\bmp_source\010.png,file,1676
C:\Users\Revan\AppData\Local\wxPython\wxPython-demo-4.2.1\demo\bmp_source\011.png,file,1643
C:\Users\Revan\AppData\Local\wxPython\wxPython-demo-4.2.1\demo\bmp_source\012.png,file,1650
C:\Users\Revan\AppData\Local\wxPython\wxPython-demo-4.2.1\demo\bmp_source\013.png,file,1709
C:\Users\Revan\AppData\Local\wxPython\wxPython-demo-4.2.1\demo\bmp_source\014.png,file,1603
C:\Users\Revan\AppData\Local\wxPython\wxPython-demo-4.2.1\demo\bmp_source\015.png,file,1703
C:\Users\Revan\AppData\Local\wxPython\wxPython-demo-4.2.1\demo\bmp_source\016.png,file,1616
C:\Users\Revan\AppData\Local\wxPython\wxPython-demo-4.2.1\demo\bmp_source\017.png,file,1638
C:\Users\Revan\AppData\Local\wxPython\wxPython-demo-4.2.1\demo\bmp_source\018.png,file,1680
C:\Users\Revan\AppData\Local\wxPython\wxPython-demo-4.2.1\demo\bmp_source\019.png,file,1587
C:\Users\Revan\AppData\Local\wxPython\wxPython-demo-4.2.1\demo\bmp_source\020.png,file,1676
C:\Users\Revan\AppData\Local\wxPython\wxPython-demo-4.2.1\demo\bmp_source\021.png,file,1643
C:\Users\Revan\AppData\Local\wxPython\wxPython-demo-4.2.1\demo\bmp_source\022.png,file,1650
C:\Users\Revan\AppData\Local\wxPython\wxPython-demo-4.2.1\demo\bmp_source\023.png,file,1709
C:\Users\Revan\AppData\Local\wxPython\wxPython-demo-4.2.1\demo\bmp_source\024.png,file,1603
C:\Users\Revan\AppData\Local\wxPython\wxPython-demo-4.2.1\demo\bmp_source\025.png,file,1703
C:\Users\Revan\AppData\Local\wxPython\wxPython-demo-4.2.1\demo\bmp_source\026.png,file,1624
C:\Users\Revan\AppData\Local\wxPython\wxPython-demo-4.2.1\demo\bmp_source\027.png,file,1628
C:\Users\Revan\AppData\Local\wxPython\wxPython-demo-4.2.1\demo\bmp_source\028.png,file,1787
C:\Users\Revan\AppData\Local\wxPython\wxPython-demo-4.2.1\demo\bmp_source\029.png,file,1682
C:\Users\Revan\AppData\Local\wxPython\wxPython-demo-4.2.1\demo\bmp_source\030.png,file,1591
C:\Users\Revan\AppData\Local\wxPython\wxPython-demo-4.2.1\demo\bmp_source\backgrnd.png,file,15394
C:\Users\Revan\AppData\Local\wxPython\wxPython-demo-4.2.1\demo\bmp_source\book.png,file,517
C:\Users\Revan\AppData\Local\wxPython\wxPython-demo-4.2.1\demo\bmp_source\book_blue.png,file,654
C:\Users\Revan\AppData\Local\wxPython\wxPython-demo-4.2.1\demo\bmp_source\book_green.png,file,673
C:\Users\Revan\AppData\Local\wxPython\wxPython-demo-4.2.1\demo\bmp_source\book_red.png,file,668
C:\Users\Revan\AppData\Local\wxPython\wxPython-demo-4.2.1\demo\bmp_source\bp_btn1.png,file,1174
C:\Users\Revan\AppData\Local\wxPython\wxPython-demo-4.2.1\demo\bmp_source\bp_btn2.png,file,1119
C:\Users\Revan\AppData\Local\wxPython\wxPython-demo-4.2.1\demo\bmp_source\bp_btn3.png,file,920
C:\Users\Revan\AppData\Local\wxPython\wxPython-demo-4.2.1\demo\bmp_source\bp_btn4.png,file,1077
C:\Users\Revan\AppData\Local\wxPython\wxPython-demo-4.2.1\demo\bmp_source\bulb1.bmp,file,2678
C:\Users\Revan\AppData\Local\wxPython\wxPython-demo-4.2.1\demo\bmp_source\bulb2.bmp,file,4854
C:\Users\Revan\AppData\Local\wxPython\wxPython-demo-4.2.1\demo\bmp_source\carrot.png,file,294
C:\Users\Revan\AppData\Local\wxPython\wxPython-demo-4.2.1\demo\bmp_source\clipboard.png,file,540
C:\Users\Revan\AppData\Local\wxPython\wxPython-demo-4.2.1\demo\bmp_source\code.png,file,774
C:\Users\Revan\AppData\Local\wxPython\wxPython-demo-4.2.1\demo\bmp_source\core.png,file,582
C:\Users\Revan\AppData\Local\wxPython\wxPython-demo-4.2.1\demo\bmp_source\custom.png,file,749
C:\Users\Revan\AppData\Local\wxPython\wxPython-demo-4.2.1\demo\bmp_source\customcontrol.png,file,650
C:\Users\Revan\AppData\Local\wxPython\wxPython-demo-4.2.1\demo\bmp_source\DbDec.bmp,file,630
C:\Users\Revan\AppData\Local\wxPython\wxPython-demo-4.2.1\demo\bmp_source\DbInc.bmp,file,630
C:\Users\Revan\AppData\Local\wxPython\wxPython-demo-4.2.1\demo\bmp_source\Dec.bmp,file,630
C:\Users\Revan\AppData\Local\wxPython\wxPython-demo-4.2.1\demo\bmp_source\deletedocs.png,file,541
C:\Users\Revan\AppData\Local\wxPython\wxPython-demo-4.2.1\demo\bmp_source\deleteperspective.png,file,650
C:\Users\Revan\AppData\Local\wxPython\wxPython-demo-4.2.1\demo\bmp_source\demo.png,file,749
C:\Users\Revan\AppData\Local\wxPython\wxPython-demo-4.2.1\demo\bmp_source\dialog.png,file,140
C:\Users\Revan\AppData\Local\wxPython\wxPython-demo-4.2.1\demo\bmp_source\exit.png,file,732
C:\Users\Revan\AppData\Local\wxPython\wxPython-demo-4.2.1\demo\bmp_source\expansion.png,file,629
C:\Users\Revan\AppData\Local\wxPython\wxPython-demo-4.2.1\demo\bmp_source\find.png,file,735
C:\Users\Revan\AppData\Local\wxPython\wxPython-demo-4.2.1\demo\bmp_source\findnext.png,file,748
C:\Users\Revan\AppData\Local\wxPython\wxPython-demo-4.2.1\demo\bmp_source\floatcanvas.png,file,27667
C:\Users\Revan\AppData\Local\wxPython\wxPython-demo-4.2.1\demo\bmp_source\frame.png,file,118
C:\Users\Revan\AppData\Local\wxPython\wxPython-demo-4.2.1\demo\bmp_source\FRM_0.png,file,183
C:\Users\Revan\AppData\Local\wxPython\wxPython-demo-4.2.1\demo\bmp_source\FRM_1.png,file,180
C:\Users\Revan\AppData\Local\wxPython\wxPython-demo-4.2.1\demo\bmp_source\FRM_2.png,file,183
C:\Users\Revan\AppData\Local\wxPython\wxPython-demo-4.2.1\demo\bmp_source\FRM_3.png,file,183
C:\Users\Revan\AppData\Local\wxPython\wxPython-demo-4.2.1\demo\bmp_source\FRM_4.png,file,171
C:\Users\Revan\AppData\Local\wxPython\wxPython-demo-4.2.1\demo\bmp_source\FRM_5.png,file,183
C:\Users\Revan\AppData\Local\wxPython\wxPython-demo-4.2.1\demo\bmp_source\FRM_6.png,file,183
C:\Users\Revan\AppData\Local\wxPython\wxPython-demo-4.2.1\demo\bmp_source\FRM_7.png,file,180
C:\Users\Revan\AppData\Local\wxPython\wxPython-demo-4.2.1\demo\bmp_source\FRM_8.png,file,183
C:\Users\Revan\AppData\Local\wxPython\wxPython-demo-4.2.1\demo\bmp_source\GridBG.gif,file,681
C:\Users\Revan\AppData\Local\wxPython\wxPython-demo-4.2.1\demo\bmp_source\images.png,file,813
C:\Users\Revan\AppData\Local\wxPython\wxPython-demo-4.2.1\demo\bmp_source\Inc.bmp,file,238
C:\Users\Revan\AppData\Local\wxPython\wxPython-demo-4.2.1\demo\bmp_source\inspect.png,file,664
C:\Users\Revan\AppData\Local\wxPython\wxPython-demo-4.2.1\demo\bmp_source\layout.png,file,432
C:\Users\Revan\AppData\Local\wxPython\wxPython-demo-4.2.1\demo\bmp_source\LB01.png,file,397
C:\Users\Revan\AppData\Local\wxPython\wxPython-demo-4.2.1\demo\bmp_source\LB02.png,file,530
C:\Users\Revan\AppData\Local\wxPython\wxPython-demo-4.2.1\demo\bmp_source\LB03.png,file,471
C:\Users\Revan\AppData\Local\wxPython\wxPython-demo-4.2.1\demo\bmp_source\LB04.png,file,346
C:\Users\Revan\AppData\Local\wxPython\wxPython-demo-4.2.1\demo\bmp_source\LB05.png,file,417
C:\Users\Revan\AppData\Local\wxPython\wxPython-demo-4.2.1\demo\bmp_source\LB06.png,file,470
C:\Users\Revan\AppData\Local\wxPython\wxPython-demo-4.2.1\demo\bmp_source\LB07.png,file,494
C:\Users\Revan\AppData\Local\wxPython\wxPython-demo-4.2.1\demo\bmp_source\LB08.png,file,478
C:\Users\Revan\AppData\Local\wxPython\wxPython-demo-4.2.1\demo\bmp_source\LB09.png,file,464
C:\Users\Revan\AppData\Local\wxPython\wxPython-demo-4.2.1\demo\bmp_source\LB10.png,file,341
C:\Users\Revan\AppData\Local\wxPython\wxPython-demo-4.2.1\demo\bmp_source\LB11.png,file,467
C:\Users\Revan\AppData\Local\wxPython\wxPython-demo-4.2.1\demo\bmp_source\LB12.png,file,480
C:\Users\Revan\AppData\Local\wxPython\wxPython-demo-4.2.1\demo\bmp_source\logo.png,file,251
C:\Users\Revan\AppData\Local\wxPython\wxPython-demo-4.2.1\demo\bmp_source\miscellaneous.png,file,592
C:\Users\Revan\AppData\Local\wxPython\wxPython-demo-4.2.1\demo\bmp_source\modifiedexists.png,file,339
C:\Users\Revan\AppData\Local\wxPython\wxPython-demo-4.2.1\demo\bmp_source\mondrian.ico,file,766
C:\Users\Revan\AppData\Local\wxPython\wxPython-demo-4.2.1\demo\bmp_source\morecontrols.png,file,646
C:\Users\Revan\AppData\Local\wxPython\wxPython-demo-4.2.1\demo\bmp_source\moredialog.png,file,403
C:\Users\Revan\AppData\Local\wxPython\wxPython-demo-4.2.1\demo\bmp_source\noicon.png,file,114
C:\Users\Revan\AppData\Local\wxPython\wxPython-demo-4.2.1\demo\bmp_source\overview.png,file,596
C:\Users\Revan\AppData\Local\wxPython\wxPython-demo-4.2.1\demo\bmp_source\pencil.png,file,397
C:\Users\Revan\AppData\Local\wxPython\wxPython-demo-4.2.1\demo\bmp_source\pointy.png,file,233
C:\Users\Revan\AppData\Local\wxPython\wxPython-demo-4.2.1\demo\bmp_source\process.png,file,881
C:\Users\Revan\AppData\Local\wxPython\wxPython-demo-4.2.1\demo\bmp_source\Pt.bmp,file,630
C:\Users\Revan\AppData\Local\wxPython\wxPython-demo-4.2.1\demo\bmp_source\pyshell.png,file,518
C:\Users\Revan\AppData\Local\wxPython\wxPython-demo-4.2.1\demo\bmp_source\recent.png,file,302
C:\Users\Revan\AppData\Local\wxPython\wxPython-demo-4.2.1\demo\bmp_source\rest.png,file,1582
C:\Users\Revan\AppData\Local\wxPython\wxPython-demo-4.2.1\demo\bmp_source\robin.jpg,file,4799
C:\Users\Revan\AppData\Local\wxPython\wxPython-demo-4.2.1\demo\bmp_source\rt_alignleft.xpm,file,460
C:\Users\Revan\AppData\Local\wxPython\wxPython-demo-4.2.1\demo\bmp_source\rt_alignright.xpm,file,461
C:\Users\Revan\AppData\Local\wxPython\wxPython-demo-4.2.1\demo\bmp_source\rt_bold.xpm,file,453
C:\Users\Revan\AppData\Local\wxPython\wxPython-demo-4.2.1\demo\bmp_source\rt_centre.xpm,file,457
C:\Users\Revan\AppData\Local\wxPython\wxPython-demo-4.2.1\demo\bmp_source\rt_colour.xpm,file,1190
C:\Users\Revan\AppData\Local\wxPython\wxPython-demo-4.2.1\demo\bmp_source\rt_copy.xpm,file,751
C:\Users\Revan\AppData\Local\wxPython\wxPython-demo-4.2.1\demo\bmp_source\rt_cut.xpm,file,780
C:\Users\Revan\AppData\Local\wxPython\wxPython-demo-4.2.1\demo\bmp_source\rt_font.xpm,file,470
C:\Users\Revan\AppData\Local\wxPython\wxPython-demo-4.2.1\demo\bmp_source\rt_idea.xpm,file,1390
C:\Users\Revan\AppData\Local\wxPython\wxPython-demo-4.2.1\demo\bmp_source\rt_indentless.xpm,file,476
C:\Users\Revan\AppData\Local\wxPython\wxPython-demo-4.2.1\demo\bmp_source\rt_indentmore.xpm,file,476
C:\Users\Revan\AppData\Local\wxPython\wxPython-demo-4.2.1\demo\bmp_source\rt_italic.xpm,file,470
C:\Users\Revan\AppData\Local\wxPython\wxPython-demo-4.2.1\demo\bmp_source\rt_open.xpm,file,946
C:\Users\Revan\AppData\Local\wxPython\wxPython-demo-4.2.1\demo\bmp_source\rt_paste.xpm,file,782
C:\Users\Revan\AppData\Local\wxPython\wxPython-demo-4.2.1\demo\bmp_source\rt_redo.xpm,file,961
C:\Users\Revan\AppData\Local\wxPython\wxPython-demo-4.2.1\demo\bmp_source\rt_sample.xpm,file,1345
C:\Users\Revan\AppData\Local\wxPython\wxPython-demo-4.2.1\demo\bmp_source\rt_save.xpm,file,721
C:\Users\Revan\AppData\Local\wxPython\wxPython-demo-4.2.1\demo\bmp_source\rt_smiley.xpm,file,1317
C:\Users\Revan\AppData\Local\wxPython\wxPython-demo-4.2.1\demo\bmp_source\rt_underline.xpm,file,473
C:\Users\Revan\AppData\Local\wxPython\wxPython-demo-4.2.1\demo\bmp_source\rt_undo.xpm,file,961
C:\Users\Revan\AppData\Local\wxPython\wxPython-demo-4.2.1\demo\bmp_source\rt_zebra.xpm,file,71357
C:\Users\Revan\AppData\Local\wxPython\wxPython-demo-4.2.1\demo\bmp_source\saveperspective.png,file,818
C:\Users\Revan\AppData\Local\wxPython\wxPython-demo-4.2.1\demo\bmp_source\smiles2.bmp,file,822
C:\Users\Revan\AppData\Local\wxPython\wxPython-demo-4.2.1\demo\bmp_source\sm_down.bmp,file,246
C:\Users\Revan\AppData\Local\wxPython\wxPython-demo-4.2.1\demo\bmp_source\sm_up.bmp,file,246
C:\Users\Revan\AppData\Local\wxPython\wxPython-demo-4.2.1\demo\bmp_source\test2.bmp,file,12342
C:\Users\Revan\AppData\Local\wxPython\wxPython-demo-4.2.1\demo\bmp_source\testmask.bmp,file,1024
C:\Users\Revan\AppData\Local\wxPython\wxPython-demo-4.2.1\demo\bmp_source\teststar.png,file,2111
C:\Users\Revan\AppData\Local\wxPython\wxPython-demo-4.2.1\demo\bmp_source\thekid.png,file,68777
C:\Users\Revan\AppData\Local\wxPython\wxPython-demo-4.2.1\demo\bmp_source\tog1.bmp,file,238
C:\Users\Revan\AppData\Local\wxPython\wxPython-demo-4.2.1\demo\bmp_source\tog2.bmp,file,238
C:\Users\Revan\AppData\Local\wxPython\wxPython-demo-4.2.1\demo\bmp_source\Vippi.png,file,26743
C:\Users\Revan\AppData\Local\wxPython\wxPython-demo-4.2.1\demo\bmp_source\wiztest1.bmp,file,31238
C:\Users\Revan\AppData\Local\wxPython\wxPython-demo-4.2.1\demo\bmp_source\wiztest2.bmp,file,31238
C:\Users\Revan\AppData\Local\wxPython\wxPython-demo-4.2.1\demo\bmp_source\wxpdemo.ico,file,2238
C:\Users\Revan\AppData\Local\wxPython\wxPython-demo-4.2.1\demo\cursors,dir,146387
C:\Users\Revan\AppData\Local\wxPython\wxPython-demo-4.2.1\demo\cursors\paperairplane_arrow_blue.cur,file,4286
C:\Users\Revan\AppData\Local\wxPython\wxPython-demo-4.2.1\demo\cursors\paperairplane_arrow_blue_fadeout80.cur,file,4286
C:\Users\Revan\AppData\Local\wxPython\wxPython-demo-4.2.1\demo\cursors\paperairplane_arrow_colorshift.ani,file,120300
C:\Users\Revan\AppData\Local\wxPython\wxPython-demo-4.2.1\demo\cursors\paperairplane_arrow_dark.cur,file,4286
C:\Users\Revan\AppData\Local\wxPython\wxPython-demo-4.2.1\demo\cursors\paperairplane_arrow_grey.cur,file,4286
C:\Users\Revan\AppData\Local\wxPython\wxPython-demo-4.2.1\demo\cursors\paperairplane_arrow_red.cur,file,4286
C:\Users\Revan\AppData\Local\wxPython\wxPython-demo-4.2.1\demo\cursors\paperairplane_arrow_white.cur,file,4286
C:\Users\Revan\AppData\Local\wxPython\wxPython-demo-4.2.1\demo\cursors\paperairplane_arrow_white24.png,file,371
C:\Users\Revan\AppData\Local\wxPython\wxPython-demo-4.2.1\demo\data,dir,2127544
C:\Users\Revan\AppData\Local\wxPython\wxPython-demo-4.2.1\demo\data\0-tiger.svg,file,99026
C:\Users\Revan\AppData\Local\wxPython\wxPython-demo-4.2.1\demo\data\accessories-calculator.svg,file,32630
C:\Users\Revan\AppData\Local\wxPython\wxPython-demo-4.2.1\demo\data\accessories-text-editor.svg,file,28194
C:\Users\Revan\AppData\Local\wxPython\wxPython-demo-4.2.1\demo\data\anykey.wav,file,39349
C:\Users\Revan\AppData\Local\wxPython\wxPython-demo-4.2.1\demo\data\applications-internet.svg,file,31559
C:\Users\Revan\AppData\Local\wxPython\wxPython-demo-4.2.1\demo\data\Asteroid_blaster.swf,file,29235
C:\Users\Revan\AppData\Local\wxPython\wxPython-demo-4.2.1\demo\data\desktop-accessibility.svg,file,11108
C:\Users\Revan\AppData\Local\wxPython\wxPython-demo-4.2.1\demo\data\desktop-keyboard-shortcuts.svg,file,40018
C:\Users\Revan\AppData\Local\wxPython\wxPython-demo-4.2.1\demo\data\desktop-locale.svg,file,31044
C:\Users\Revan\AppData\Local\wxPython\wxPython-demo-4.2.1\demo\data\desktop-remote-desktop.svg,file,75180
C:\Users\Revan\AppData\Local\wxPython\wxPython-demo-4.2.1\demo\data\desktop-theme.svg,file,49002
C:\Users\Revan\AppData\Local\wxPython\wxPython-demo-4.2.1\demo\data\desktop-wallpaper.svg,file,40175
C:\Users\Revan\AppData\Local\wxPython\wxPython-demo-4.2.1\demo\data\echo.py,file,590
C:\Users\Revan\AppData\Local\wxPython\wxPython-demo-4.2.1\demo\data\imagemap.htm,file,581
C:\Users\Revan\AppData\Local\wxPython\wxPython-demo-4.2.1\demo\data\imagemap.png,file,552
C:\Users\Revan\AppData\Local\wxPython\wxPython-demo-4.2.1\demo\data\internet-group-chat.svg,file,16110
C:\Users\Revan\AppData\Local\wxPython\wxPython-demo-4.2.1\demo\data\internet-mail.svg,file,18980
C:\Users\Revan\AppData\Local\wxPython\wxPython-demo-4.2.1\demo\data\office-calendar.svg,file,18072
C:\Users\Revan\AppData\Local\wxPython\wxPython-demo-4.2.1\demo\data\pic.png,file,19481
C:\Users\Revan\AppData\Local\wxPython\wxPython-demo-4.2.1\demo\data\pic2.bmp,file,20902
C:\Users\Revan\AppData\Local\wxPython\wxPython-demo-4.2.1\demo\data\plan.wav,file,60020
C:\Users\Revan\AppData\Local\wxPython\wxPython-demo-4.2.1\demo\data\proclamation.txt,file,5719
C:\Users\Revan\AppData\Local\wxPython\wxPython-demo-4.2.1\demo\data\resource.wdr,file,5248
C:\Users\Revan\AppData\Local\wxPython\wxPython-demo-4.2.1\demo\data\resource_wdr.xrc,file,5241
C:\Users\Revan\AppData\Local\wxPython\wxPython-demo-4.2.1\demo\data\romedalen.png,file,79741
C:\Users\Revan\AppData\Local\wxPython\wxPython-demo-4.2.1\demo\data\SIL_OPEN_FONT_LICENSE.txt,file,4714
C:\Users\Revan\AppData\Local\wxPython\wxPython-demo-4.2.1\demo\data\SourceCodePro-Regular.ttf,file,120548
C:\Users\Revan\AppData\Local\wxPython\wxPython-demo-4.2.1\demo\data\stc.h.html,file,258891
C:\Users\Revan\AppData\Local\wxPython\wxPython-demo-4.2.1\demo\data\system-session.svg,file,23178
C:\Users\Revan\AppData\Local\wxPython\wxPython-demo-4.2.1\demo\data\system-users.svg,file,28205
C:\Users\Revan\AppData\Local\wxPython\wxPython-demo-4.2.1\demo\data\tables.htm,file,2015
C:\Users\Revan\AppData\Local\wxPython\wxPython-demo-4.2.1\demo\data\test-gradient-pen.svg,file,975
C:\Users\Revan\AppData\Local\wxPython\wxPython-demo-4.2.1\demo\data\test-opacity.svg,file,620
C:\Users\Revan\AppData\Local\wxPython\wxPython-demo-4.2.1\demo\data\test.htm,file,8849
C:\Users\Revan\AppData\Local\wxPython\wxPython-demo-4.2.1\demo\data\testmovie.mpg,file,380932
C:\Users\Revan\AppData\Local\wxPython\wxPython-demo-4.2.1\demo\data\testtable.txt,file,7979
C:\Users\Revan\AppData\Local\wxPython\wxPython-demo-4.2.1\demo\data\tips.txt,file,6530
C:\Users\Revan\AppData\Local\wxPython\wxPython-demo-4.2.1\demo\data\utilities-system-monitor.svg,file,20349
C:\Users\Revan\AppData\Local\wxPython\wxPython-demo-4.2.1\demo\data\utilities-terminal.svg,file,21274
C:\Users\Revan\AppData\Local\wxPython\wxPython-demo-4.2.1\demo\data\widgetTest.htm,file,1674
C:\Users\Revan\AppData\Local\wxPython\wxPython-demo-4.2.1\demo\data\world.dat,file,475762
C:\Users\Revan\AppData\Local\wxPython\wxPython-demo-4.2.1\demo\data\locale,dir,2604
C:\Users\Revan\AppData\Local\wxPython\wxPython-demo-4.2.1\demo\data\locale\af,dir,529
C:\Users\Revan\AppData\Local\wxPython\wxPython-demo-4.2.1\demo\data\locale\af\LC_MESSAGES,dir,529
C:\Users\Revan\AppData\Local\wxPython\wxPython-demo-4.2.1\demo\data\locale\af\LC_MESSAGES\wxpydemo.mo,file,529
C:\Users\Revan\AppData\Local\wxPython\wxPython-demo-4.2.1\demo\data\locale\de,dir,530
C:\Users\Revan\AppData\Local\wxPython\wxPython-demo-4.2.1\demo\data\locale\de\LC_MESSAGES,dir,530
C:\Users\Revan\AppData\Local\wxPython\wxPython-demo-4.2.1\demo\data\locale\de\LC_MESSAGES\wxpydemo.mo,file,530
C:\Users\Revan\AppData\Local\wxPython\wxPython-demo-4.2.1\demo\data\locale\es,dir,506
C:\Users\Revan\AppData\Local\wxPython\wxPython-demo-4.2.1\demo\data\locale\es\LC_MESSAGES,dir,506
C:\Users\Revan\AppData\Local\wxPython\wxPython-demo-4.2.1\demo\data\locale\es\LC_MESSAGES\wxpydemo.mo,file,506
C:\Users\Revan\AppData\Local\wxPython\wxPython-demo-4.2.1\demo\data\locale\fr,dir,510
C:\Users\Revan\AppData\Local\wxPython\wxPython-demo-4.2.1\demo\data\locale\fr\LC_MESSAGES,dir,510
C:\Users\Revan\AppData\Local\wxPython\wxPython-demo-4.2.1\demo\data\locale\fr\LC_MESSAGES\wxpydemo.mo,file,510
C:\Users\Revan\AppData\Local\wxPython\wxPython-demo-4.2.1\demo\data\locale\it,dir,529
C:\Users\Revan\AppData\Local\wxPython\wxPython-demo-4.2.1\demo\data\locale\it\LC_MESSAGES,dir,529
C:\Users\Revan\AppData\Local\wxPython\wxPython-demo-4.2.1\demo\data\locale\it\LC_MESSAGES\wxpydemo.mo,file,529
C:\Users\Revan\AppData\Local\wxPython\wxPython-demo-4.2.1\demo\data\locale-src,dir,4688
C:\Users\Revan\AppData\Local\wxPython\wxPython-demo-4.2.1\demo\data\locale-src\af.po,file,734
C:\Users\Revan\AppData\Local\wxPython\wxPython-demo-4.2.1\demo\data\locale-src\de.po,file,735
C:\Users\Revan\AppData\Local\wxPython\wxPython-demo-4.2.1\demo\data\locale-src\es.po,file,707
C:\Users\Revan\AppData\Local\wxPython\wxPython-demo-4.2.1\demo\data\locale-src\fr.po,file,711
C:\Users\Revan\AppData\Local\wxPython\wxPython-demo-4.2.1\demo\data\locale-src\install,file,446
C:\Users\Revan\AppData\Local\wxPython\wxPython-demo-4.2.1\demo\data\locale-src\it.po,file,734
C:\Users\Revan\AppData\Local\wxPython\wxPython-demo-4.2.1\demo\data\locale-src\wxpydemo.po,file,621
C:\Users\Revan\AppData\Local\wxPython\wxPython-demo-4.2.1\demo\snippets,dir,12487
C:\Users\Revan\AppData\Local\wxPython\wxPython-demo-4.2.1\demo\snippets\arc.py,file,506
C:\Users\Revan\AppData\Local\wxPython\wxPython-demo-4.2.1\demo\snippets\arc_negative.py,file,515
C:\Users\Revan\AppData\Local\wxPython\wxPython-demo-4.2.1\demo\snippets\clip.py,file,237
C:\Users\Revan\AppData\Local\wxPython\wxPython-demo-4.2.1\demo\snippets\clip_image.py,file,270
C:\Users\Revan\AppData\Local\wxPython\wxPython-demo-4.2.1\demo\snippets\curve_rectangle.py,file,1817
C:\Users\Revan\AppData\Local\wxPython\wxPython-demo-4.2.1\demo\snippets\curve_to.py,file,333
C:\Users\Revan\AppData\Local\wxPython\wxPython-demo-4.2.1\demo\snippets\dash.py,file,319
C:\Users\Revan\AppData\Local\wxPython\wxPython-demo-4.2.1\demo\snippets\ellipse.py,file,792
C:\Users\Revan\AppData\Local\wxPython\wxPython-demo-4.2.1\demo\snippets\fill_and_stroke.py,file,259
C:\Users\Revan\AppData\Local\wxPython\wxPython-demo-4.2.1\demo\snippets\fill_and_stroke2.py,file,382
C:\Users\Revan\AppData\Local\wxPython\wxPython-demo-4.2.1\demo\snippets\fill_style.py,file,814
C:\Users\Revan\AppData\Local\wxPython\wxPython-demo-4.2.1\demo\snippets\glyph_path.py,file,520
C:\Users\Revan\AppData\Local\wxPython\wxPython-demo-4.2.1\demo\snippets\gradient.py,file,458
C:\Users\Revan\AppData\Local\wxPython\wxPython-demo-4.2.1\demo\snippets\gradient_mask.py,file,356
C:\Users\Revan\AppData\Local\wxPython\wxPython-demo-4.2.1\demo\snippets\group.py,file,398
C:\Users\Revan\AppData\Local\wxPython\wxPython-demo-4.2.1\demo\snippets\image.py,file,305
C:\Users\Revan\AppData\Local\wxPython\wxPython-demo-4.2.1\demo\snippets\imagepattern.py,file,504
C:\Users\Revan\AppData\Local\wxPython\wxPython-demo-4.2.1\demo\snippets\path.py,file,166
C:\Users\Revan\AppData\Local\wxPython\wxPython-demo-4.2.1\demo\snippets\set_line_cap.py,file,611
C:\Users\Revan\AppData\Local\wxPython\wxPython-demo-4.2.1\demo\snippets\set_line_join.py,file,472
C:\Users\Revan\AppData\Local\wxPython\wxPython-demo-4.2.1\demo\snippets\show_glyphs.py,file,406
C:\Users\Revan\AppData\Local\wxPython\wxPython-demo-4.2.1\demo\snippets\text.py,file,519
C:\Users\Revan\AppData\Local\wxPython\wxPython-demo-4.2.1\demo\snippets\text_align_center.py,file,586
C:\Users\Revan\AppData\Local\wxPython\wxPython-demo-4.2.1\demo\snippets\text_extents.py,file,563
C:\Users\Revan\AppData\Local\wxPython\wxPython-demo-4.2.1\demo\snippets\__init__.py,file,379
C:\Users\Revan\AppData\Local\wxPython\wxPython-demo-4.2.1\demo\__pycache__,dir,633291
C:\Users\Revan\AppData\Local\wxPython\wxPython-demo-4.2.1\demo\__pycache__\demodata.cpython-311.pyc,file,4040
C:\Users\Revan\AppData\Local\wxPython\wxPython-demo-4.2.1\demo\__pycache__\images.cpython-311.pyc,file,465931
C:\Users\Revan\AppData\Local\wxPython\wxPython-demo-4.2.1\demo\__pycache__\Main.cpython-311.pyc,file,142062
C:\Users\Revan\AppData\Local\wxPython\wxPython-demo-4.2.1\demo\__pycache__\StyledTextCtrl_2.cpython-311.pyc,file,21051
C:\Users\Revan\AppData\Local\wxPython\wxPython-demo-4.2.1\demo\__pycache__\version.cpython-311.pyc,file,207
C:\Users\Revan\AppData\Local\wxPython\wxPython-demo-4.2.1\samples,dir,1196597
C:\Users\Revan\AppData\Local\wxPython\wxPython-demo-4.2.1\samples\combo,dir,5730
C:\Users\Revan\AppData\Local\wxPython\wxPython-demo-4.2.1\samples\combo\combo1.py,file,5730
C:\Users\Revan\AppData\Local\wxPython\wxPython-demo-4.2.1\samples\dataview,dir,27472
C:\Users\Revan\AppData\Local\wxPython\wxPython-demo-4.2.1\samples\dataview\CustomRenderer.py,file,5439
C:\Users\Revan\AppData\Local\wxPython\wxPython-demo-4.2.1\samples\dataview\data.py,file,2926
C:\Users\Revan\AppData\Local\wxPython\wxPython-demo-4.2.1\samples\dataview\DataViewModel.py,file,10325
C:\Users\Revan\AppData\Local\wxPython\wxPython-demo-4.2.1\samples\dataview\IndexListModel.py,file,8782
C:\Users\Revan\AppData\Local\wxPython\wxPython-demo-4.2.1\samples\doodle,dir,117869
C:\Users\Revan\AppData\Local\wxPython\wxPython-demo-4.2.1\samples\doodle\ChangeLog.txt,file,2062
C:\Users\Revan\AppData\Local\wxPython\wxPython-demo-4.2.1\samples\doodle\doodle.py,file,7871
C:\Users\Revan\AppData\Local\wxPython\wxPython-demo-4.2.1\samples\doodle\mondrian.icns,file,41904
C:\Users\Revan\AppData\Local\wxPython\wxPython-demo-4.2.1\samples\doodle\mondrian.ico,file,766
C:\Users\Revan\AppData\Local\wxPython\wxPython-demo-4.2.1\samples\doodle\README.txt,file,898
C:\Users\Revan\AppData\Local\wxPython\wxPython-demo-4.2.1\samples\doodle\sample.ddl,file,46603
C:\Users\Revan\AppData\Local\wxPython\wxPython-demo-4.2.1\samples\doodle\setup.py,file,2322
C:\Users\Revan\AppData\Local\wxPython\wxPython-demo-4.2.1\samples\doodle\superdoodle.py,file,14131
C:\Users\Revan\AppData\Local\wxPython\wxPython-demo-4.2.1\samples\doodle\superdoodle.spec,file,1296
C:\Users\Revan\AppData\Local\wxPython\wxPython-demo-4.2.1\samples\doodle\version.py,file,16
C:\Users\Revan\AppData\Local\wxPython\wxPython-demo-4.2.1\samples\embedded,dir,11994
C:\Users\Revan\AppData\Local\wxPython\wxPython-demo-4.2.1\samples\embedded\embedded.cpp,file,8549
C:\Users\Revan\AppData\Local\wxPython\wxPython-demo-4.2.1\samples\embedded\embedded_sample.py,file,931
C:\Users\Revan\AppData\Local\wxPython\wxPython-demo-4.2.1\samples\embedded\makefile.unx,file,970
C:\Users\Revan\AppData\Local\wxPython\wxPython-demo-4.2.1\samples\embedded\mondrian.xpm,file,1356
C:\Users\Revan\AppData\Local\wxPython\wxPython-demo-4.2.1\samples\embedded\README.txt,file,188
C:\Users\Revan\AppData\Local\wxPython\wxPython-demo-4.2.1\samples\floatcanvas,dir,604907
C:\Users\Revan\AppData\Local\wxPython\wxPython-demo-4.2.1\samples\floatcanvas\Animation.py,file,9973
C:\Users\Revan\AppData\Local\wxPython\wxPython-demo-4.2.1\samples\floatcanvas\BarPlot.py,file,4145
C:\Users\Revan\AppData\Local\wxPython\wxPython-demo-4.2.1\samples\floatcanvas\BB_HitTest.py,file,4338
C:\Users\Revan\AppData\Local\wxPython\wxPython-demo-4.2.1\samples\floatcanvas\BNAEditor.py,file,11684
C:\Users\Revan\AppData\Local\wxPython\wxPython-demo-4.2.1\samples\floatcanvas\BouncingBall.py,file,5906
C:\Users\Revan\AppData\Local\wxPython\wxPython-demo-4.2.1\samples\floatcanvas\Chart.py,file,3734
C:\Users\Revan\AppData\Local\wxPython\wxPython-demo-4.2.1\samples\floatcanvas\ClickableBoxes.py,file,3070
C:\Users\Revan\AppData\Local\wxPython\wxPython-demo-4.2.1\samples\floatcanvas\DrawBot.py,file,2005
C:\Users\Revan\AppData\Local\wxPython\wxPython-demo-4.2.1\samples\floatcanvas\DrawRect.py,file,2885
C:\Users\Revan\AppData\Local\wxPython\wxPython-demo-4.2.1\samples\floatcanvas\GridDemo.py,file,1825
C:\Users\Revan\AppData\Local\wxPython\wxPython-demo-4.2.1\samples\floatcanvas\GroupDeleteDemo.py,file,3380
C:\Users\Revan\AppData\Local\wxPython\wxPython-demo-4.2.1\samples\floatcanvas\GroupDemo.py,file,2981
C:\Users\Revan\AppData\Local\wxPython\wxPython-demo-4.2.1\samples\floatcanvas\Hexagons.py,file,2532
C:\Users\Revan\AppData\Local\wxPython\wxPython-demo-4.2.1\samples\floatcanvas\Map.py,file,1965
C:\Users\Revan\AppData\Local\wxPython\wxPython-demo-4.2.1\samples\floatcanvas\MicroDemo.py,file,2148
C:\Users\Revan\AppData\Local\wxPython\wxPython-demo-4.2.1\samples\floatcanvas\MiniDemo.py,file,12378
C:\Users\Revan\AppData\Local\wxPython\wxPython-demo-4.2.1\samples\floatcanvas\MouseTest.py,file,1175
C:\Users\Revan\AppData\Local\wxPython\wxPython-demo-4.2.1\samples\floatcanvas\MovingElements.py,file,8557
C:\Users\Revan\AppData\Local\wxPython\wxPython-demo-4.2.1\samples\floatcanvas\MovingPlot.py,file,6982
C:\Users\Revan\AppData\Local\wxPython\wxPython-demo-4.2.1\samples\floatcanvas\MovingTriangle.py,file,5172
C:\Users\Revan\AppData\Local\wxPython\wxPython-demo-4.2.1\samples\floatcanvas\NOAA.png,file,3603
C:\Users\Revan\AppData\Local\wxPython\wxPython-demo-4.2.1\samples\floatcanvas\NonGUI.py,file,1024
C:\Users\Revan\AppData\Local\wxPython\wxPython-demo-4.2.1\samples\floatcanvas\NoToolbar.py,file,2459
C:\Users\Revan\AppData\Local\wxPython\wxPython-demo-4.2.1\samples\floatcanvas\OverlayDemo.py,file,4021
C:\Users\Revan\AppData\Local\wxPython\wxPython-demo-4.2.1\samples\floatcanvas\PieChart.py,file,2491
C:\Users\Revan\AppData\Local\wxPython\wxPython-demo-4.2.1\samples\floatcanvas\PixelBitmap.py,file,4320
C:\Users\Revan\AppData\Local\wxPython\wxPython-demo-4.2.1\samples\floatcanvas\PointsHitDemo.py,file,1933
C:\Users\Revan\AppData\Local\wxPython\wxPython-demo-4.2.1\samples\floatcanvas\PolyEditor.py,file,7937
C:\Users\Revan\AppData\Local\wxPython\wxPython-demo-4.2.1\samples\floatcanvas\ProcessDiagram.py,file,11792
C:\Users\Revan\AppData\Local\wxPython\wxPython-demo-4.2.1\samples\floatcanvas\ScaledBitmap2Demo.py,file,1820
C:\Users\Revan\AppData\Local\wxPython\wxPython-demo-4.2.1\samples\floatcanvas\ScaleDemo.py,file,2196
C:\Users\Revan\AppData\Local\wxPython\wxPython-demo-4.2.1\samples\floatcanvas\SplitterWindow.py,file,2371
C:\Users\Revan\AppData\Local\wxPython\wxPython-demo-4.2.1\samples\floatcanvas\SubClassNavCanvas.py,file,1778
C:\Users\Revan\AppData\Local\wxPython\wxPython-demo-4.2.1\samples\floatcanvas\TestSpline.py,file,4596
C:\Users\Revan\AppData\Local\wxPython\wxPython-demo-4.2.1\samples\floatcanvas\TextBox.py,file,12847
C:\Users\Revan\AppData\Local\wxPython\wxPython-demo-4.2.1\samples\floatcanvas\TextBox2.py,file,7011
C:\Users\Revan\AppData\Local\wxPython\wxPython-demo-4.2.1\samples\floatcanvas\Tiny.bna,file,1227
C:\Users\Revan\AppData\Local\wxPython\wxPython-demo-4.2.1\samples\floatcanvas\Tree.py,file,11518
C:\Users\Revan\AppData\Local\wxPython\wxPython-demo-4.2.1\samples\floatcanvas\VectPlot.py,file,6100
C:\Users\Revan\AppData\Local\wxPython\wxPython-demo-4.2.1\samples\floatcanvas\white_tank.jpg,file,166242
C:\Users\Revan\AppData\Local\wxPython\wxPython-demo-4.2.1\samples\floatcanvas\YDownDemo.py,file,2153
C:\Users\Revan\AppData\Local\wxPython\wxPython-demo-4.2.1\samples\floatcanvas\data,dir,248633
C:\Users\Revan\AppData\Local\wxPython\wxPython-demo-4.2.1\samples\floatcanvas\data\TestMap.png,file,248633
C:\Users\Revan\AppData\Local\wxPython\wxPython-demo-4.2.1\samples\glcanvas,dir,4254
C:\Users\Revan\AppData\Local\wxPython\wxPython-demo-4.2.1\samples\glcanvas\GLCanvas.py,file,4254
C:\Users\Revan\AppData\Local\wxPython\wxPython-demo-4.2.1\samples\grid,dir,9615
C:\Users\Revan\AppData\Local\wxPython\wxPython-demo-4.2.1\samples\grid\events.py,file,6968
C:\Users\Revan\AppData\Local\wxPython\wxPython-demo-4.2.1\samples\grid\simple.py,file,2647
C:\Users\Revan\AppData\Local\wxPython\wxPython-demo-4.2.1\samples\html2,dir,268648
C:\Users\Revan\AppData\Local\wxPython\wxPython-demo-4.2.1\samples\html2\logo.png,file,24533
C:\Users\Revan\AppData\Local\wxPython\wxPython-demo-4.2.1\samples\html2\simpleweb.zip,file,233518
C:\Users\Revan\AppData\Local\wxPython\wxPython-demo-4.2.1\samples\html2\webview_sample.html,file,1020
C:\Users\Revan\AppData\Local\wxPython\wxPython-demo-4.2.1\samples\html2\webview_sample.py,file,9577
C:\Users\Revan\AppData\Local\wxPython\wxPython-demo-4.2.1\samples\mainloop,dir,4767
C:\Users\Revan\AppData\Local\wxPython\wxPython-demo-4.2.1\samples\mainloop\mainloop.py,file,4767
C:\Users\Revan\AppData\Local\wxPython\wxPython-demo-4.2.1\samples\overlay,dir,2662
C:\Users\Revan\AppData\Local\wxPython\wxPython-demo-4.2.1\samples\overlay\overlay.py,file,2662
C:\Users\Revan\AppData\Local\wxPython\wxPython-demo-4.2.1\samples\printing,dir,21740
C:\Users\Revan\AppData\Local\wxPython\wxPython-demo-4.2.1\samples\printing\printing.py,file,9204
C:\Users\Revan\AppData\Local\wxPython\wxPython-demo-4.2.1\samples\printing\sample-text.txt,file,12536
C:\Users\Revan\AppData\Local\wxPython\wxPython-demo-4.2.1\samples\rawbmp,dir,5643
C:\Users\Revan\AppData\Local\wxPython\wxPython-demo-4.2.1\samples\rawbmp\rawbmp1.py,file,5643
C:\Users\Revan\AppData\Local\wxPython\wxPython-demo-4.2.1\samples\ribbon,dir,38888
C:\Users\Revan\AppData\Local\wxPython\wxPython-demo-4.2.1\samples\ribbon\images.py,file,11405
C:\Users\Revan\AppData\Local\wxPython\wxPython-demo-4.2.1\samples\ribbon\ribbonbar_demo.py,file,27483
C:\Users\Revan\AppData\Local\wxPython\wxPython-demo-4.2.1\samples\roses,dir,37338
C:\Users\Revan\AppData\Local\wxPython\wxPython-demo-4.2.1\samples\roses\clroses.py,file,15830
C:\Users\Revan\AppData\Local\wxPython\wxPython-demo-4.2.1\samples\roses\wxroses.py,file,21508
C:\Users\Revan\AppData\Local\wxPython\wxPython-demo-4.2.1\samples\simple,dir,33534
C:\Users\Revan\AppData\Local\wxPython\wxPython-demo-4.2.1\samples\simple\deprecated.py,file,371
C:\Users\Revan\AppData\Local\wxPython\wxPython-demo-4.2.1\samples\simple\dialog.py,file,1078
C:\Users\Revan\AppData\Local\wxPython\wxPython-demo-4.2.1\samples\simple\events.py,file,772
C:\Users\Revan\AppData\Local\wxPython\wxPython-demo-4.2.1\samples\simple\giltest.py,file,2291
C:\Users\Revan\AppData\Local\wxPython\wxPython-demo-4.2.1\samples\simple\hello.py,file,718
C:\Users\Revan\AppData\Local\wxPython\wxPython-demo-4.2.1\samples\simple\phoenix_main.png,file,25145
C:\Users\Revan\AppData\Local\wxPython\wxPython-demo-4.2.1\samples\simple\simple.py,file,3159
C:\Users\Revan\AppData\Local\wxPython\wxPython-demo-4.2.1\samples\wxptag,dir,1536
C:\Users\Revan\AppData\Local\wxPython\wxPython-demo-4.2.1\samples\wxptag\widgetTest.html,file,735
C:\Users\Revan\AppData\Local\wxPython\wxPython-demo-4.2.1\samples\wxptag\wxpTest.py,file,801
